triangle_key,12AM,1AM,2AM,3AM,4AM,5AM,6AM,7AM,8AM,9AM,10AM,11AM,12PM,1PM,2PM,3PM,4PM,5PM,6PM,7PM,8PM,9PM,10PM,11PM
BTC|USDT|VET,551,507,502,521,504,542,540,559,589,635,629,569,601,578,564,587,637,624,585,620,614,636,638,550
BTC|SC|USDT,515,648,1029,663,631,625,607,551,531,527,471,505,543,633,597,594,573,585,577,487,522,462,478,510
BTC|FUN|USDT,497,514,510,443,529,586,594,557,668,614,577,606,609,579,534,539,512,601,492,528,516,537,477,479
BTC|IOST|USDT,439,1257,1483,700,449,466,482,464,532,534,492,466,463,456,462,442,432,374,411,376,382,397,378,360
BTC|COS|USDT,365,351,309,295,301,315,420,399,456,473,491,533,516,505,421,434,482,480,412,415,399,380,384,323
BTC|CELR|USDT,322,590,587,298,296,289,344,346,419,431,418,402,390,357,392,373,373,396,328,326,356,336,302,264
BTC|ONE|USDT,254,280,253,285,264,281,325,309,341,325,306,322,328,383,344,336,324,274,287,282,316,276,235,285
BTC|IOTX|USDT,297,340,336,229,259,291,289,338,312,310,337,323,313,298,305,291,306,295,282,281,292,308,225,230
BTC|ETH|HOT,283,235,244,197,231,270,237,271,263,293,299,274,280,333,352,349,324,354,353,303,348,308,292,233
ANKR|BTC|USDT,235,381,326,222,221,240,234,286,295,297,325,354,374,315,356,317,307,298,299,231,295,271,225,193
BTC|DGB|USDT,242,363,475,361,246,238,249,260,268,233,236,227,247,238,265,240,279,253,290,285,250,272,221,235
BTC|MITH|USDT,207,177,175,139,155,204,247,241,252,267,260,230,219,276,250,264,263,232,216,211,231,197,190,156
BTC|ETH|SC,245,182,220,207,190,208,200,203,241,190,195,194,204,264,260,202,221,207,179,178,181,176,182,174
BTC|TCT|USDT,130,128,133,133,151,172,191,210,230,244,260,235,263,210,243,220,210,221,188,219,193,179,161,145
ARN|BTC|ETH,199,137,84,130,127,139,182,197,203,239,255,213,267,223,189,208,203,219,156,207,215,211,160,220
BTC|USDT|XVG,161,178,202,222,183,198,248,224,210,190,228,182,187,189,203,215,185,197,170,160,180,205,138,120
BTC|ETH|XVG,194,151,169,185,174,188,211,217,221,222,201,211,212,220,205,240,175,187,139,154,171,161,145,135
BTC|USDT|ZIL,168,323,441,193,134,166,178,162,165,139,127,156,161,150,152,149,162,172,165,144,163,152,141,131
BTC|GTO|USDT,149,102,115,109,126,132,166,182,181,208,187,208,186,202,193,190,193,172,195,189,187,197,140,131
DENT|ETH|USDT,148,134,135,145,126,153,185,207,191,204,190,155,171,168,181,149,153,127,150,154,166,172,186,151
BTC|ETH|VET,164,157,132,126,119,140,131,167,165,174,168,146,169,160,189,184,183,177,165,190,151,155,159,142
BTC|TRX|USDT,162,217,239,177,150,178,147,166,153,140,117,152,114,125,108,128,96,121,134,158,150,167,194,169
BTC|DOGE|USDT,125,110,117,115,173,115,112,143,128,128,159,144,150,171,190,191,163,152,159,170,153,180,168,156
BTC|TFUEL|USDT,122,163,113,112,119,151,131,130,151,152,135,162,165,185,145,176,183,161,176,146,139,162,131,113
BTC|HOT|USDT,154,100,120,91,124,143,115,172,153,165,159,141,127,135,193,156,156,177,172,143,193,179,148,95
BTC|ETH|FUN,151,117,99,90,146,138,136,132,186,143,184,173,151,141,135,158,165,175,142,149,161,119,130,150
BTC|BUSD|XVG,141,135,154,150,135,143,155,170,155,162,162,148,149,146,143,146,122,152,123,107,119,137,118,103
BTC|CHZ|USDT,105,110,65,102,106,99,124,145,131,123,140,139,146,171,153,146,142,148,145,119,129,131,105,94
BNB|BTC|COS,99,101,91,84,98,73,130,120,141,156,144,150,146,167,137,159,148,142,136,113,93,105,129,85
BTC|ETH|TRX,135,139,124,117,121,121,104,125,133,121,99,103,100,119,73,112,89,97,123,146,127,139,138,125
BTC|DREP|USDT,104,64,77,78,76,70,81,100,115,118,121,129,120,148,178,148,150,146,118,94,101,88,68,67
BTC|BTS|USDT,156,147,105,77,80,90,97,108,112,101,108,144,127,115,109,138,113,127,110,70,77,71,81,81
ARPA|BTC|USDT,96,71,85,87,89,78,112,105,117,122,144,135,117,122,121,127,136,116,106,96,107,92,84,60
BTC|DOCK|USDT,77,90,67,81,89,107,110,109,118,120,119,127,125,129,126,121,114,103,105,106,99,107,84,73
BNB|BTC|VET,98,103,83,79,85,85,81,101,103,112,105,121,102,108,129,136,135,108,101,105,114,103,99,85
BTC|RVN|USDT,91,189,220,104,88,84,89,127,97,97,92,84,95,80,108,94,91,80,78,91,94,83,73,51
BTC|ETH|IOTX,88,68,83,86,89,98,96,109,102,114,103,108,100,116,114,121,105,100,111,85,103,91,85,69
BNB|BTC|SC,124,86,100,78,88,80,90,84,86,102,85,104,95,129,133,100,134,97,83,82,69,88,81,81
BNB|BTC|ETH,103,118,98,103,95,113,91,92,97,83,97,68,63,63,70,67,92,93,110,83,99,124,112,121
BTC|MDT|USDT,90,81,75,60,82,82,94,113,104,118,113,91,111,89,107,74,109,102,84,82,87,78,68,72
BTC|BUSD|IOST,97,182,202,117,91,74,88,75,72,88,74,93,90,90,91,77,78,57,65,48,58,67,74,71
BTC|BUSD|TRX,96,119,117,97,79,100,94,119,93,79,79,106,68,90,69,68,66,78,69,91,69,73,93,100
BTC|ETH|QSP,83,70,85,70,70,91,87,81,84,76,95,91,93,86,80,99,145,80,105,101,83,100,88,69
BTC|BUSD|VET,101,66,73,72,94,84,90,89,98,84,70,87,105,94,91,99,85,69,77,109,89,95,83,80
BTC|MATIC|USDT,75,67,56,68,89,66,69,85,109,116,75,101,88,83,105,90,77,89,83,88,77,82,62,80
BTC|ETH|MCO,68,90,81,72,53,65,69,70,75,58,69,92,76,78,89,78,98,72,95,90,79,91,110,81
BTC|CDT|ETH,57,60,72,67,53,60,72,71,83,91,70,75,101,114,80,93,102,85,75,69,56,66,75,79
BNB|BTC|CELR,79,68,59,65,60,53,64,68,91,88,82,106,93,85,87,83,99,90,83,70,66,55,57,50
BTC|JST|USDT,50,284,219,87,58,45,54,60,67,63,74,61,68,57,71,52,63,70,55,45,50,43,55,41
BTC|ETH|IOST,80,78,85,74,62,69,64,91,118,86,82,66,81,84,78,70,64,54,67,50,48,61,68,67
BNB|BTC|TRX,76,87,74,79,62,65,60,74,72,57,56,55,59,59,60,57,54,69,66,86,77,76,77,70
BNB|BTC|ONE,58,59,51,47,77,54,64,59,68,83,64,74,71,102,85,87,87,47,63,71,74,63,41,56
BTC|BUSD|DGB,46,90,89,64,52,54,66,57,82,58,64,64,68,64,80,67,67,67,81,81,67,63,48,38
BTC|ETH|QKC,84,58,42,54,47,58,58,77,87,71,50,57,76,80,77,78,43,56,67,56,74,61,76,56
BTC|ETH|WTC,66,71,73,63,74,60,62,67,53,59,65,62,60,75,60,86,46,63,66,56,61,60,53,65
BTC|ETH|NULS,56,45,71,57,74,48,68,60,69,102,74,55,66,49,81,65,67,74,77,59,55,47,50,54
ETH|NPXS|USDT,62,61,43,36,44,67,70,63,77,66,85,70,59,55,54,67,65,68,67,68,72,69,55,66
BTC|FTM|USDT,49,49,40,37,50,56,52,62,64,79,67,67,75,79,66,71,59,64,58,64,78,56,41,48
BTC|PERL|USDT,56,24,38,30,40,44,59,55,75,60,74,63,74,73,69,64,79,71,53,66,74,64,61,39
BNB|BTC|MITH,57,37,52,46,34,50,53,57,72,69,68,71,67,76,74,67,70,66,50,44,63,51,49,53
BTC|ETH|OST,62,42,50,44,47,45,64,63,64,61,56,48,51,76,52,67,82,53,48,42,54,48,42,39
BTC|ETH|ZIL,60,52,36,34,47,37,46,54,64,54,48,63,52,57,45,58,68,56,54,51,53,45,47,54
BTC|USDT|VITE,46,41,33,38,34,51,44,65,55,50,58,55,57,68,46,57,62,63,51,56,51,55,58,32
BTC|BUSD|ONE,43,35,45,48,42,51,51,72,52,74,53,41,43,63,60,53,39,42,50,41,67,46,45,41
BTC|ETH|WABI,46,52,44,34,63,41,65,62,44,35,48,40,58,52,54,43,45,52,43,48,62,63,41,46
BTC|ETH|STORM,53,42,34,40,48,46,52,60,33,75,52,39,47,56,70,55,60,49,40,46,29,40,37,33
ANKR|BNB|BTC,38,40,42,43,41,32,39,53,54,44,50,66,69,64,67,57,59,57,40,32,54,38,26,30
BTC|ETH|VIB,34,36,36,32,30,36,48,72,80,72,41,40,49,42,40,39,46,54,50,62,70,56,37,26
BTC|STPT|USDT,47,45,42,46,47,41,36,54,38,53,62,55,65,45,47,51,37,57,49,42,43,44,38,35
BTC|ETH|MDA,48,46,66,49,54,54,41,31,44,31,35,40,41,44,56,47,40,51,43,33,48,39,39,57
BNB|USDT|VET,42,51,38,34,33,31,33,32,52,42,50,50,55,47,65,68,64,44,46,30,45,37,32,47
BQX|BTC|ETH,36,34,35,27,31,46,30,37,32,43,36,57,34,34,53,42,57,59,58,53,45,62,56,69
BTC|ETH|LINK,41,41,48,41,35,37,45,42,28,31,30,48,40,64,34,46,39,46,45,46,53,52,64,41
BNB|BTC|HOT,55,38,30,28,31,45,22,35,49,53,58,29,31,42,67,58,40,60,43,39,62,57,39,25
BTC|ETH|SNT,48,58,47,42,41,40,54,39,48,38,42,23,32,30,38,47,41,32,40,43,42,29,41,40
BNB|BUSD|WIN,31,23,25,17,33,37,44,57,50,57,39,48,49,45,56,49,41,45,42,46,46,31,36,17
BTC|ETH|QTUM,32,49,42,34,31,45,49,39,36,32,31,42,47,34,37,47,40,38,46,47,42,29,42,43
ETH|HOT|USDT,23,33,30,29,26,35,36,41,48,46,53,46,48,55,35,32,43,47,48,43,39,31,31,30
BTC|ETH|NCASH,27,31,24,39,50,41,43,48,37,44,39,44,38,45,50,57,48,44,36,30,24,34,22,24
BTC|ENG|ETH,31,39,25,39,38,26,39,28,29,31,28,39,52,52,31,31,34,42,34,41,44,47,42,42
AION|BTC|ETH,33,33,21,24,33,30,42,26,41,30,46,42,38,40,30,37,49,42,47,35,27,30,30,39
BTC|ETH|KNC,24,35,46,32,38,43,31,42,39,34,28,39,45,33,32,29,41,35,49,27,34,25,22,29
BTC|ETH|POWR,35,41,27,36,31,30,27,34,34,38,29,28,27,34,27,42,46,34,40,34,36,23,34,45
BTC|TRX|TRY,15,11,8,7,13,26,29,40,43,41,39,66,38,51,35,28,42,39,42,54,38,35,35,21
BTC|BTG|ETH,23,28,38,28,25,28,22,44,25,30,21,31,45,38,39,46,22,31,36,38,45,34,28,24
BTC|ETH|LRC,34,30,29,38,29,36,31,48,36,26,42,38,48,38,40,32,25,26,17,32,22,29,19,23
BTC|ETH|TNB,19,38,31,24,29,40,28,38,28,43,33,31,35,44,35,44,34,38,33,24,28,29,9,18
BTC|ETH|USDT,29,27,19,28,27,31,54,66,33,24,39,33,35,17,24,19,30,26,27,25,19,31,41,31
BTC|ETH|GVT,30,22,25,24,13,17,20,29,36,30,24,35,30,25,32,30,25,39,36,36,41,54,40,28
BNB|BTC|ICX,47,28,27,24,21,35,32,25,24,35,30,30,32,32,20,30,23,48,28,24,34,20,28,34
BNB|BTC|ZIL,32,26,33,22,25,18,26,27,24,27,34,46,24,31,36,36,35,34,24,23,30,21,29,40
BTC|ETH|RDN,28,15,24,26,26,30,21,31,30,22,23,35,36,32,39,27,29,43,36,37,28,24,27,24
BTC|ETH|QLC,18,21,14,17,14,14,25,22,28,35,30,26,32,38,31,22,37,35,46,35,22,40,32,30
BTC|IRIS|USDT,20,21,19,21,20,19,37,24,28,30,25,29,34,31,37,38,35,35,31,23,26,30,22,20
BTC|ETH|LSK,19,28,25,22,16,23,21,26,19,16,35,38,24,37,29,26,43,29,25,25,26,32,35,33
BTC|BUSD|IOTX,22,38,28,26,19,20,27,20,21,31,28,33,28,21,30,24,30,34,27,31,28,25,21,17
BCPT|BTC|ETH,28,25,32,23,21,25,22,25,31,22,34,32,25,25,25,19,19,21,27,27,33,28,25,32
BNB|ETH|ICX,30,28,26,13,23,32,28,26,23,27,23,27,24,25,20,34,28,36,26,17,30,18,17,30
BTC|ETH|NEO,10,14,33,22,22,12,15,22,21,20,23,17,33,41,26,20,27,37,30,22,32,62,26,18
BNB|BTC|WABI,20,15,8,17,30,14,31,21,33,26,24,26,30,19,28,30,31,31,26,25,30,24,26,39
BTC|ETH|TNT,16,24,18,28,34,25,24,25,33,22,17,22,27,26,26,27,17,25,27,32,23,33,30,21
BTC|ETH|OMG,24,23,28,19,28,26,18,25,16,16,8,24,25,25,27,25,34,21,35,28,22,25,31,40
BNB|TRX|WIN,13,21,14,21,15,25,25,23,28,34,24,30,41,27,25,33,40,24,15,29,21,19,14,23
BTC|BUSD|IDEX,16,13,28,18,10,23,27,20,34,31,33,34,22,31,33,35,27,23,26,21,14,23,14,19
AMB|BTC|ETH,34,16,17,20,20,20,21,22,26,13,23,29,20,29,31,26,26,30,21,32,23,35,18,21
BTC|BUSD|CELR,20,49,71,25,13,22,19,17,22,23,21,26,22,22,24,31,20,21,17,16,18,23,9,17
BTC|ETH|IOTA,16,23,25,32,9,19,17,22,15,15,24,12,21,27,26,47,33,27,37,35,25,25,19,16
BTC|ETH|LEND,19,27,22,27,14,17,29,19,18,16,31,26,21,28,23,27,27,29,28,21,25,23,28,21
BTC|ETH|XMR,14,29,25,13,19,23,28,18,19,17,19,19,20,14,19,41,34,29,25,37,30,19,28,25
BNB|BTC|IOST,21,23,17,14,16,28,19,24,26,30,21,29,35,27,36,30,20,19,23,21,15,19,27,23
ARK|BTC|ETH,22,34,17,26,25,17,13,25,25,18,15,16,19,13,21,30,18,30,37,27,28,25,31,28
AION|ETH|USDT,19,16,14,13,14,21,24,29,23,33,29,35,19,24,28,19,26,23,34,19,22,20,24,31
BTC|ETH|POE,25,21,23,21,18,20,16,19,22,25,26,23,36,21,21,18,37,24,33,23,27,16,22,15
AION|BNB|BTC,24,32,15,31,23,20,14,17,14,17,19,22,24,16,31,31,27,14,28,30,22,23,25,31
BTC|DATA|USDT,19,23,20,18,24,28,26,32,20,27,24,21,22,24,17,16,21,27,21,19,22,24,19,26
BTC|DLT|ETH,17,24,15,16,16,19,18,17,24,21,27,24,25,24,18,21,31,29,22,28,30,22,20,26
BNB|BTC|WTC,20,15,29,18,17,6,17,24,31,25,22,23,18,16,26,24,28,37,28,23,22,21,16,26
BTC|ETH|PPT,16,15,21,25,18,19,15,15,9,29,12,21,15,33,31,29,26,23,24,22,31,25,27,28
BTC|BTS|ETH,26,22,25,20,18,27,15,14,21,20,25,28,19,19,20,27,17,17,15,22,22,19,26,43
BTC|ETH|REQ,17,18,16,25,13,27,22,16,20,14,25,19,20,25,30,18,27,29,33,27,24,25,16,20
BTC|BUSD|ZIL,28,49,56,29,13,21,20,20,12,24,14,16,15,13,35,14,17,18,14,18,19,23,12,16
BEAM|BTC|USDT,11,14,15,17,19,22,22,25,20,21,23,25,21,17,19,23,29,27,21,26,28,26,19,25
BTC|ETH|STRAT,20,11,16,26,14,18,26,9,14,8,19,20,23,16,19,31,33,40,22,25,30,25,28,21
BTC|ETH|NAS,13,16,11,13,18,18,23,20,23,21,30,22,30,33,30,26,31,12,19,21,21,23,22,11
BTC|BUSD|DOGE,35,20,20,10,17,20,16,19,17,26,24,16,22,19,23,20,18,13,22,22,24,29,24,29
BTC|ETH|ZRX,12,27,23,11,30,23,21,16,14,12,17,17,31,24,30,12,23,21,26,21,24,19,16,32
BTC|DNT|ETH,24,16,16,21,12,21,19,24,22,19,26,13,23,25,16,18,24,26,21,33,27,16,19,20
BTC|TRX|USDC,17,36,33,22,22,21,19,32,26,16,16,11,23,15,17,21,21,10,14,30,19,15,18,21
BTC|ETH|NEBL,13,21,18,19,11,16,15,21,13,29,20,15,23,21,30,28,16,19,22,30,29,25,18,20
BTC|ETH|EVX,14,11,22,11,19,17,30,21,19,30,15,17,24,32,30,23,22,21,15,21,14,11,22,16
BTC|TRX|XRP,24,26,24,15,15,21,20,20,15,23,21,20,13,17,24,21,15,20,13,20,19,28,25,18
BNB|USDC|WIN,13,18,16,8,9,10,21,19,24,21,21,22,36,25,33,28,24,24,22,17,19,13,15,15
BTC|ETH|STORJ,22,14,15,19,10,11,21,10,9,16,20,20,17,24,20,15,38,44,39,19,11,11,10,17
BCC|BTC|USDT,18,19,14,12,12,17,9,16,11,32,23,21,20,13,18,23,23,17,17,30,19,17,20,29
ADX|BTC|ETH,11,16,22,13,15,17,17,23,24,27,20,23,16,19,24,17,16,30,14,25,15,12,9,20
BAT|BTC|ETH,29,21,19,12,23,17,19,13,10,11,17,18,12,21,16,20,19,25,19,14,19,24,17,27
BTC|ETH|GTO,23,14,8,12,11,12,25,18,15,21,21,24,20,24,24,22,26,16,22,13,26,10,14,19
BTC|ETH|KMD,15,22,15,15,19,19,17,15,15,16,14,16,14,19,19,21,16,21,20,18,20,21,18,31
BNB|BTC|IOTA,17,12,12,17,15,16,16,15,21,16,24,22,11,27,17,20,30,20,26,20,16,21,9,13
BTC|BUSD|SYS,12,5,9,17,16,19,20,19,19,26,24,19,23,27,29,22,20,18,17,11,17,17,13,13
BTC|ENJ|ETH,12,27,20,16,13,17,12,11,12,17,12,18,24,13,29,14,20,31,30,20,19,11,15,15
BTC|CHR|USDT,4,11,13,13,17,14,18,27,20,26,20,17,19,21,22,14,21,20,16,16,20,19,15,13
BNB|COS|USDT,16,15,11,15,16,11,22,17,25,17,22,9,21,19,15,18,18,26,16,23,17,12,19,14
BLZ|BTC|ETH,17,10,15,14,9,10,21,15,10,21,20,15,29,12,21,36,40,21,15,11,9,11,13,11
BUSD|USDT|WING,16,12,21,8,13,7,10,20,19,23,21,33,23,13,12,15,15,16,17,19,22,16,16,17
BTC|CMT|ETH,16,12,16,16,20,17,12,19,20,25,14,13,23,19,25,28,18,20,13,16,7,10,11,12
BTC|ETH|XZC,10,12,15,14,18,12,15,13,9,11,16,7,11,15,17,30,15,17,26,15,27,22,25,26
BNB|BTC|XLM,17,24,17,17,18,10,11,18,13,12,13,10,22,22,12,15,12,18,19,18,25,25,14,13
BNB|EUR|WIN,10,7,8,6,8,9,16,24,26,21,24,27,21,18,26,23,21,20,14,21,16,13,10,4
BTC|ETH|MTL,18,13,17,15,20,22,11,8,13,17,19,14,12,18,26,18,23,17,15,18,11,16,14,18
BTC|DATA|ETH,15,18,20,16,11,17,14,12,14,13,17,11,15,11,11,22,21,19,20,24,20,19,15,17
ETH|NULS|USDT,17,14,15,13,16,17,16,22,35,37,17,12,17,11,22,13,16,13,8,11,13,13,8,14
BNB|ETH|VET,12,11,15,17,11,16,9,9,20,13,19,20,24,16,20,32,30,13,18,15,14,9,11,16
BNB|BRL|WIN,18,11,9,12,5,5,9,4,6,10,14,19,23,23,36,18,30,21,26,16,19,20,16,16
BNB|BTC|CHZ,12,18,7,15,11,11,12,17,16,21,17,19,22,33,25,19,10,18,12,17,15,15,8,13
AST|BTC|ETH,11,20,13,7,25,22,12,19,9,15,15,14,13,24,15,23,13,15,20,17,17,10,12,15
BNB|BTC|WAVES,17,19,11,16,11,13,13,10,10,12,21,6,27,12,18,16,22,22,15,18,24,11,17,15
BUSD|DEGO|USDT,15,10,11,12,14,8,14,20,21,15,12,12,17,23,29,20,12,13,18,16,12,15,19,14
BUSD|TRB|USDT,15,11,10,5,9,16,14,14,19,14,12,19,18,15,24,22,28,23,11,14,20,12,12,10
BTC|BUSD|RVN,15,14,28,16,14,15,14,26,12,10,9,16,11,12,25,18,18,22,7,14,14,13,13,11
BUSD|HARD|USDT,12,6,8,11,15,13,15,10,13,12,16,25,18,15,16,23,15,22,20,13,17,21,19,10
BTC|USDT|WTC,13,10,7,8,8,18,15,21,18,18,22,16,13,22,21,15,18,16,15,15,16,12,15,11
BCD|BTC|ETH,11,27,15,16,25,7,20,11,15,17,7,16,17,19,22,17,14,14,14,11,15,7,8,11
BRD|BTC|ETH,17,11,5,17,5,19,16,11,16,10,15,18,14,15,28,16,13,10,19,16,9,12,16,22
BTC|ETH|OAX,19,21,16,9,18,11,10,14,17,20,16,16,21,8,19,11,21,12,9,12,12,13,12,11
BTC|CHZ|TRY,6,11,2,3,5,6,5,12,23,17,11,13,12,24,21,27,16,22,14,21,25,20,9,17
BTC|ETH|LOOM,15,13,17,20,12,18,11,15,11,11,16,12,11,14,13,17,12,15,13,14,14,8,10,18
BTC|ELF|ETH,15,11,21,10,16,12,11,17,17,11,16,12,10,14,7,17,13,14,11,11,14,18,12,16
BTC|ETH|MANA,17,11,8,21,11,16,12,11,15,10,15,17,11,6,23,16,14,15,12,9,18,11,13,10
BTC|ETH|ZEC,12,15,16,12,12,14,15,16,9,8,14,8,12,15,16,18,15,13,14,14,12,11,15,15
BTC|BUSD|JST,15,30,29,21,10,18,6,6,15,13,11,8,16,14,19,13,10,8,16,10,10,10,4,2
BNB|ETH|IOTA,11,8,9,14,17,19,10,8,15,10,12,19,10,13,11,20,18,14,15,8,13,11,12,14
BTC|DASH|ETH,14,10,9,10,12,16,7,19,11,9,10,11,8,10,24,14,14,20,16,16,10,12,11,13
BTC|EOS|ETH,8,11,17,22,9,13,8,10,11,7,8,9,9,9,14,15,16,13,11,17,16,18,12,13
BNB|ETH|XLM,10,14,13,10,16,9,10,12,9,7,11,9,13,10,10,12,10,16,16,16,14,15,16,11
AION|BNB|ETH,18,15,7,10,15,11,10,11,8,10,8,4,13,10,17,12,17,10,13,10,14,11,17,13
BNB|BTC|LTC,11,8,10,13,6,4,12,13,7,11,20,6,8,19,11,17,17,15,10,15,7,19,10,14
BTC|ETH|XLM,16,17,10,6,17,8,6,8,16,16,4,8,5,13,9,5,18,13,10,11,18,14,12,19
BTC|ETC|ETH,7,8,13,10,10,10,16,11,12,7,11,8,9,10,20,10,11,18,12,10,10,8,11,6
BTC|ETH|WAVES,17,14,8,14,10,9,13,15,11,13,9,10,7,8,13,6,12,14,6,14,8,7,11,8
BTC|DGD|ETH,11,14,12,5,15,10,11,9,6,9,12,14,8,17,9,12,18,6,9,7,8,10,15,9
BTC|EUR|VET,11,3,9,10,8,9,7,12,16,13,10,10,8,12,10,8,14,11,16,15,14,17,9,3
BUSD|DATA|USDT,6,4,12,7,7,5,2,11,15,12,3,19,11,10,15,15,14,10,17,13,16,12,11,6
ARPA|BNB|BTC,9,5,6,10,7,7,13,8,14,8,17,12,11,14,20,8,15,11,13,10,9,8,9,8
BNB|BTC|MATIC,7,10,11,7,10,8,8,17,22,11,7,12,8,7,10,6,12,12,14,15,8,7,5,16
BNB|ETH|WTC,6,8,11,8,10,9,5,7,13,11,8,13,10,4,16,13,12,16,13,9,12,10,10,11
BNB|ETH|WABI,11,11,3,12,16,6,10,10,10,6,8,5,8,10,12,18,12,9,7,15,19,9,7,11
LINK|TUSD|USDT,15,4,9,9,5,12,11,9,10,13,6,11,12,12,7,3,17,7,17,8,16,8,14,9
BTC|BUSD|DATA,11,7,18,3,6,9,10,12,10,17,6,6,8,10,16,19,3,5,13,9,16,11,13,4
BTC|ETH|GXS,12,19,14,13,17,13,8,7,10,15,11,10,10,11,14,6,18,8,5,3,1,7,3,5
ARPA|BTC|TRY,5,1,4,5,11,2,14,11,7,9,16,19,22,9,18,11,7,17,11,12,14,8,2,3
BTC|BUSD|VIDT,7,7,8,10,2,12,11,10,6,12,12,12,11,12,15,12,8,10,8,10,8,13,11,9
BTC|ETH|PIVX,15,11,2,7,6,6,9,10,13,15,13,13,15,16,11,7,9,9,3,5,15,9,9,7
BNT|BTC|ETH,10,4,14,9,4,7,8,6,6,15,6,5,9,14,4,17,14,22,17,16,6,8,4,10
BTC|NKN|USDT,9,5,7,4,8,6,9,13,13,13,14,11,17,6,15,11,7,9,10,14,8,9,6,9
BNB|OGN|USDT,8,10,6,4,2,12,4,9,7,6,10,4,11,9,3,9,9,12,4,7,29,23,12,18
BAT|BNB|BTC,13,12,8,7,11,7,9,13,9,9,4,10,7,8,17,11,5,12,11,10,9,8,6,8
BTCST|BUSD|USDT,8,2,6,6,8,20,19,13,10,14,11,8,22,15,12,6,5,3,9,3,3,5,5,9
BUSD|PSG|USDT,5,11,10,9,7,7,8,6,18,10,11,12,8,9,11,13,13,9,8,4,9,10,9,4
BNB|BTC|EOS,8,5,8,7,3,14,16,8,11,14,7,11,6,8,7,6,5,4,15,9,7,11,10,18
BNB|COCOS|USDT,6,2,7,7,10,7,6,12,10,8,12,11,8,10,16,20,11,6,10,10,3,8,7,9
BTC|RVN|TRY,5,2,15,8,5,9,14,8,11,12,3,9,12,8,10,12,9,12,10,11,12,8,8,2
BNB|BTC|WAN,8,6,6,6,5,10,7,7,5,11,11,9,12,10,6,15,9,6,8,12,8,10,14,12
BTT|USDC|USDT,12,2,4,7,6,6,5,18,12,3,9,13,4,14,9,5,14,15,8,10,11,5,9,11
BNB|BTC|RVN,5,13,11,7,13,8,8,9,6,7,11,7,7,11,14,6,6,14,10,5,10,7,8,7
BNB|BTC|USDT,2,8,7,13,14,8,14,10,12,5,5,9,5,4,10,5,6,11,15,10,5,2,12,9
BNB|LTC|USDT,9,6,7,6,7,5,10,8,4,7,9,1,5,10,5,11,7,6,9,19,8,15,12,13
BUSD|UNFI|USDT,4,7,3,5,6,1,7,13,7,12,15,9,9,6,7,7,10,12,10,8,9,10,12,8
BNB|BTC|FTM,8,10,4,13,3,3,8,8,11,6,5,1,9,16,11,10,7,11,8,14,10,11,2,5
BLZ|BNB|BTC,9,14,6,10,2,8,7,8,11,9,7,10,6,9,12,10,12,4,11,4,4,6,6,6
BNB|ETH|USDT,5,9,3,7,12,8,12,9,6,5,8,7,6,5,8,10,10,14,8,10,3,2,11,9
BTC|ETH|STEEM,5,5,10,6,8,10,6,4,7,6,8,11,6,5,5,10,8,3,12,13,11,13,8,6
BNB|EOS|ETH,6,6,6,8,4,11,11,7,9,17,6,9,7,3,8,4,5,4,7,5,6,11,6,16
BTC|BUSD|TRB,6,4,1,5,3,8,6,7,9,7,4,15,12,8,11,9,15,7,6,11,9,9,5,4
BTC|BUSD|WING,4,6,6,7,4,7,9,12,8,9,8,13,13,8,7,5,7,10,4,7,9,6,6,6
BTC|HBAR|USDT,7,1,12,7,11,5,5,6,8,5,12,5,7,4,8,12,3,8,9,14,8,11,4,7
BTC|LINK|TUSD,10,2,5,9,2,9,10,5,4,10,4,9,10,7,8,5,9,8,14,4,8,6,12,7
BNB|EOS|USDT,5,7,7,7,4,9,18,7,8,11,6,9,4,6,6,7,2,1,13,5,6,10,10,8
BNB|ETH|LTC,7,5,3,12,6,7,5,8,4,7,6,3,7,11,5,10,13,3,3,12,4,17,9,8
BNB|BTC|PERL,3,5,5,4,4,9,12,8,3,9,5,8,12,17,12,5,10,7,2,6,6,13,7,3
ETH|HOT|TRY,3,3,0,3,5,6,7,5,6,12,12,10,12,19,9,10,7,9,7,11,6,7,5,1
BNB|ETH|HOT,6,2,2,4,2,7,5,5,4,5,14,12,8,6,6,3,8,10,16,13,14,9,2,7
BNB|BTC|ONT,4,12,9,7,7,8,4,5,7,7,6,6,4,8,7,8,8,8,13,9,5,4,7,6
BTT|TUSD|USDT,7,1,4,5,7,4,8,10,8,3,6,10,7,16,12,11,6,5,6,6,11,7,7,2
BTC|TRY|VET,7,4,2,4,6,8,8,7,12,9,3,8,8,9,10,8,7,5,9,12,8,3,4,2
LINK|USDC|USDT,5,7,6,9,5,4,8,3,5,5,5,4,10,5,6,10,9,11,6,8,13,7,7,4
BNB|BTC|NEO,8,6,7,5,3,5,4,6,7,10,9,12,6,12,4,7,6,7,11,11,2,4,3,7
BUSD|ETH|SLP,5,2,5,4,8,8,6,7,6,10,13,11,5,6,5,6,8,8,6,9,4,6,4,9
BUSD|STRAX|USDT,9,3,5,7,2,7,3,5,4,11,10,6,5,11,9,11,6,8,8,11,4,5,5,5
BNB|BUSD|EOS,2,5,6,7,5,6,10,5,5,12,8,8,7,4,8,6,2,5,10,5,6,13,9,4
BNB|BTC|ENJ,8,8,6,4,4,8,5,5,5,2,4,12,7,6,4,7,7,8,3,7,9,6,9,14
AVA|BUSD|USDT,4,3,6,6,6,8,5,6,5,1,7,8,9,12,13,5,6,5,8,5,7,9,10,0
BTC|DOGE|EUR,8,7,5,3,6,6,4,5,7,8,8,3,7,3,6,5,4,9,4,6,4,8,13,14
ANKR|BNB|USDT,8,13,2,4,3,5,3,6,7,6,4,7,6,11,7,8,9,4,5,8,5,11,5,4
BTC|ETH|RLC,5,2,3,5,6,4,8,4,2,7,7,5,7,8,5,11,7,6,7,9,9,10,3,5
BNB|ETH|NEO,6,7,8,8,1,7,5,3,3,11,8,10,3,6,2,8,4,5,4,9,6,7,8,1
ETH|NEO|USDT,8,4,8,8,4,4,3,3,4,6,7,3,4,15,9,3,2,5,5,5,6,5,12,5
BTC|DUSK|USDT,3,7,5,4,4,3,4,7,5,5,11,4,5,5,3,9,6,7,7,3,8,11,7,4
AION|BTC|USDT,8,8,2,1,8,6,5,5,6,9,8,10,7,4,1,6,7,6,5,4,5,7,4,5
BAT|BNB|ETH,7,6,6,3,7,4,1,5,3,5,3,4,1,7,12,8,7,4,7,11,6,6,8,5
USDC|USDT|ZEC,8,6,3,2,2,4,5,3,6,6,4,9,11,6,9,7,13,3,4,9,4,2,4,5
BEL|BUSD|USDT,4,12,2,6,7,4,8,8,7,2,8,4,4,5,3,9,8,9,2,5,2,2,7,6
BTC|LINK|USDC,8,5,2,5,6,5,5,3,3,3,5,2,6,4,2,13,7,11,6,6,11,6,5,5
BLZ|BNB|ETH,4,8,7,6,2,8,5,4,8,6,5,4,2,7,9,9,9,2,4,7,1,5,7,5
BNB|BUSD|CAKE,3,2,3,1,2,7,14,8,11,5,8,3,7,7,9,8,8,2,8,6,2,4,4,1
BNB|ETH|WAVES,2,2,6,5,3,6,8,6,2,6,9,4,9,4,7,7,7,6,6,8,6,2,7,4
BNB|BTC|OGN,7,5,3,1,3,4,2,5,3,5,7,3,7,3,6,5,11,8,6,2,17,7,7,4
BTC|ETH|GNT,9,8,4,3,4,3,5,3,10,7,5,7,10,7,6,8,10,4,3,5,2,0,3,4
BTC|BUSD|HARD,4,3,4,2,5,2,6,6,5,2,3,16,5,6,6,7,7,9,7,8,5,4,6,2
BNB|TROY|USDT,3,5,4,4,1,7,5,3,2,8,7,4,6,6,8,7,7,8,5,5,7,4,10,4
BTC|DNT|USDT,4,6,5,9,5,2,8,8,5,7,6,6,8,8,4,7,5,8,3,4,6,1,2,2
BTC|ETH|XRP,2,5,3,4,4,6,4,3,3,1,2,3,0,4,4,7,7,18,11,20,8,7,1,1
AUDIO|BUSD|USDT,5,6,2,5,5,0,7,5,6,8,5,10,5,5,10,4,6,6,5,3,5,7,7,1
BTC|SAND|USDT,6,6,2,6,6,2,6,8,6,5,3,6,2,6,5,8,2,7,6,3,6,8,6,5
BNB|NEO|USDT,6,7,5,3,2,4,1,3,3,9,7,5,7,6,2,5,5,6,4,7,5,6,9,9
BTC|NEO|USDT,6,3,5,10,4,1,3,6,14,7,5,2,6,7,8,2,8,3,5,5,3,3,3,4
BTC|ROSE|USDT,3,2,3,4,2,2,5,5,9,8,14,4,8,7,5,4,4,3,9,5,4,6,2,4
BTC|NULS|USDT,5,6,1,3,9,5,8,6,6,7,3,6,4,7,11,2,1,2,6,8,4,5,2,5
ADA|BTC|ETH,4,7,8,4,4,3,2,2,6,11,5,1,9,10,2,7,7,5,4,4,4,2,4,7
ADA|TUSD|USDT,7,6,4,2,6,4,4,9,2,6,5,3,4,6,6,6,7,4,2,10,6,3,4,4
DAI|ETH|USDT,8,17,5,1,2,14,0,0,0,0,0,0,0,0,0,4,6,14,13,5,14,7,4,5
BTC|ETH|THETA,2,4,7,7,6,4,2,1,8,7,5,4,3,8,6,6,12,2,2,6,5,4,3,5
BNB|ETH|WAN,9,6,2,2,2,3,3,2,4,7,9,1,3,3,5,7,4,4,8,7,4,11,6,6
BTC|NGN|USDT,2,3,2,0,4,6,2,5,1,6,29,1,6,7,5,8,7,1,3,1,1,5,8,5
BNB|BTC|THETA,4,4,4,2,5,7,6,0,8,3,9,6,5,3,7,7,5,3,6,4,4,7,6,3
ETH|THETA|USDT,2,5,9,4,3,1,2,2,3,11,5,2,6,10,4,3,7,2,5,6,10,3,8,2
BUSD|CTSI|USDT,4,7,1,4,8,6,4,6,2,6,9,5,6,8,4,5,4,5,6,4,5,3,3,0
BNB|MITH|USDT,0,2,3,4,4,6,4,3,5,7,4,5,10,7,4,8,8,7,9,1,2,4,4,3
BTC|CVC|ETH,3,2,2,3,1,1,5,2,6,3,5,8,7,10,3,5,8,4,6,6,8,5,2,4
BTC|BUSD|MATIC,8,4,3,4,5,3,5,6,5,5,6,2,3,7,4,6,6,4,4,4,2,3,5,4
BTC|DOGE|TRY,8,2,0,0,6,2,5,8,3,9,4,4,4,2,6,5,4,4,6,5,4,4,7,6
BNB|BUSD|XRP,2,6,3,5,9,3,5,6,5,1,5,4,6,2,1,5,3,1,5,3,7,7,8,5
BTC|ETH|ZEN,4,3,3,5,6,2,4,3,4,3,2,7,2,4,5,4,12,6,6,6,3,3,5,3
BTC|ETH|REP,9,5,2,7,2,4,2,1,8,10,1,2,8,0,3,7,7,3,2,8,4,2,4,4
BUSD|CELR|USDT,5,6,4,4,2,6,4,0,6,2,5,6,4,1,7,1,3,6,10,5,4,6,3,4
BNB|BTC|XRP,1,5,5,1,8,7,6,4,7,2,5,3,9,2,2,2,3,4,3,3,4,9,3,5
BNB|ETH|ONT,2,8,2,3,3,6,1,7,6,6,4,7,2,4,2,5,5,4,7,4,2,4,5,2
AE|BTC|ETH,2,6,3,5,4,4,2,10,0,8,4,0,4,8,5,3,3,2,3,4,4,6,7,3
ATOM|USDC|USDT,3,4,3,7,4,5,2,4,10,4,3,4,4,7,4,5,3,3,5,3,6,3,2,2
BTC|BUSD|RUNE,5,1,4,6,9,0,4,5,3,2,3,4,5,1,8,4,5,6,2,5,3,5,5,4
BTC|BUSD|UNFI,4,5,2,4,5,3,7,4,4,7,8,4,3,7,1,3,5,3,4,2,4,3,5,2
BTC|CTSI|USDT,1,4,4,4,3,6,3,4,5,0,8,4,10,7,3,5,4,5,4,6,1,3,1,3
BNB|CELR|USDT,3,0,1,2,2,3,6,3,2,6,6,6,6,4,5,4,3,5,7,3,1,8,2,8
BTC|DAI|USDT,4,13,6,2,2,2,0,0,0,0,1,0,1,0,0,10,2,9,9,3,14,6,2,10
BNB|BTC|ZEN,1,3,4,3,5,2,1,4,7,6,4,2,5,5,4,3,5,7,1,8,3,4,3,6
BNB|ETH|ZIL,3,4,6,3,3,2,2,2,1,0,5,3,6,3,4,6,6,5,9,4,4,1,3,9
BTC|BUSD|FXS,5,3,6,4,1,5,5,3,5,8,3,1,5,3,7,8,2,1,3,3,4,2,4,3
BUSD|DODO|USDT,2,1,1,5,6,4,3,2,2,4,5,5,7,6,4,5,5,2,1,4,3,3,7,7
DATA|ETH|USDT,2,2,2,1,3,2,6,6,1,4,4,3,6,2,7,6,7,6,5,5,2,6,1,3
AVA|BTC|BUSD,2,3,6,6,3,3,6,4,6,3,3,5,3,7,4,4,4,3,3,3,4,3,2,2
BNB|USDT|XRP,3,5,4,5,10,1,3,5,4,2,5,2,8,0,0,3,3,2,2,4,5,8,4,3
BTC|BUSD|PSG,5,3,4,2,0,2,2,4,6,7,3,7,7,3,6,4,4,1,3,1,7,3,2,3
ARDR|BTC|USDT,2,4,4,2,3,3,3,4,6,3,2,2,9,5,3,6,3,3,1,4,6,7,2,1
BNB|ETH|SC,4,4,3,3,3,3,6,5,1,3,4,2,8,6,4,2,7,3,2,2,1,3,1,6
BNB|ETH|MFT,4,3,3,3,2,2,3,5,3,2,4,4,1,3,4,6,8,0,4,3,4,2,6,6
BTC|BUSD|CTSI,2,2,1,2,6,5,4,8,3,5,4,3,8,5,1,2,3,0,0,3,2,3,8,2
ATOM|BTC|USDC,3,4,4,4,4,4,2,3,6,3,2,2,5,5,5,5,2,4,4,2,2,3,2,2
BTC|EUR|TRX,2,3,1,0,1,5,4,4,6,2,5,6,0,7,3,4,4,2,2,6,5,5,3,2
BUSD|SLP|USDT,6,3,2,6,2,7,1,2,6,7,3,1,1,2,3,3,0,4,5,0,5,3,2,6
BTC|USDC|ZEC,6,2,3,3,2,4,1,0,5,4,4,5,6,0,8,6,8,2,0,2,1,1,1,6
BTC|ETH|ICX,3,4,3,2,10,0,1,0,3,4,1,0,2,2,5,3,7,7,5,5,2,2,2,6
ETH|FUN|USDT,1,6,2,0,2,2,3,4,5,9,3,1,5,5,3,3,5,4,2,2,4,2,3,3
BTC|BUSD|ROSE,4,3,2,0,3,3,5,1,1,5,3,2,6,3,3,2,1,4,5,3,4,7,7,2
ALPHA|BUSD|USDT,4,2,1,5,1,7,5,5,1,1,0,2,2,2,1,2,7,5,2,9,1,4,5,4
BTC|USDT|WING,5,4,1,3,3,3,6,3,5,5,6,3,2,2,4,2,1,1,3,1,3,5,3,3
BNB|EUR|XRP,4,1,4,2,10,2,5,3,2,2,4,2,7,1,1,3,2,1,1,5,2,5,6,2
BUSD|DIA|USDT,3,2,1,2,2,5,0,2,2,4,5,4,4,4,6,3,5,4,3,4,4,3,3,1
ADA|BTC|TUSD,3,4,2,1,5,3,3,6,1,2,6,2,3,1,3,5,4,3,1,8,3,1,1,4
BNB|BTC|RUNE,1,3,1,2,3,1,1,5,5,3,5,4,5,2,2,4,5,6,2,1,5,4,4,1
BTC|KMD|USDT,3,5,1,2,2,3,3,2,3,6,3,0,6,1,2,5,2,5,3,1,2,6,2,6
BUSD|USDT|YFII,3,2,0,2,6,2,2,5,0,3,4,4,4,4,6,5,5,1,2,4,2,1,3,4
BTC|REP|USDT,1,8,2,2,2,6,6,1,3,3,0,1,1,8,2,2,8,1,4,2,3,2,3,2
BTC|COTI|USDT,0,3,4,2,6,2,1,5,4,1,4,2,4,1,4,5,1,3,2,5,2,5,4,3
ETH|LINK|TUSD,2,2,2,3,1,5,1,3,5,7,3,4,1,2,3,1,5,0,5,5,2,2,2,7
BTC|TRX|TUSD,2,0,2,4,2,2,6,1,2,1,4,1,3,6,5,4,2,3,3,10,4,3,1,2
BNB|ICX|USDT,2,1,3,3,1,5,3,3,0,3,5,3,0,5,3,1,5,1,2,5,5,6,5,3
PAX|USDT|XRP,3,5,0,1,2,3,2,6,3,4,0,6,0,4,1,5,4,0,6,1,8,1,0,8
BTC|PAX|TRX,2,5,4,2,2,1,2,2,2,1,5,5,2,2,2,6,2,5,1,6,5,2,4,2
BNB|PERL|USDT,3,0,2,0,2,3,0,4,3,5,5,4,1,5,4,5,5,4,3,2,3,6,3,0
BUSD|FIO|USDT,1,2,0,1,1,1,4,4,4,5,3,5,5,6,3,2,3,2,1,4,4,7,2,1
BUSD|CKB|USDT,2,0,0,0,2,3,5,4,5,2,8,3,2,6,2,3,5,6,1,2,3,5,2,0
BTC|ETH|WAN,2,4,4,3,3,1,2,0,1,1,3,4,6,4,6,4,2,1,3,4,2,2,4,4
CVC|ETH|USDT,5,3,2,1,2,0,1,2,5,2,2,7,1,4,5,2,5,4,5,3,3,2,0,2
BNB|ENJ|ETH,0,3,5,5,2,1,2,1,2,2,3,7,7,3,2,3,0,5,1,3,1,1,2,5
BLZ|ETH|USDT,0,3,0,3,0,1,3,3,1,1,1,2,1,3,3,4,23,4,3,3,1,1,0,2
ETH|MTL|USDT,5,4,3,1,1,2,2,2,1,0,4,3,4,4,4,3,3,5,4,1,1,1,2,5
BTC|ETH|XEM,1,6,4,1,0,1,2,3,5,3,6,4,2,0,3,2,2,4,2,0,1,6,1,5
ETH|MFT|USDT,3,0,4,4,1,2,3,4,6,1,3,3,1,2,4,3,3,1,4,5,1,0,3,2
BNB|BTC|CTSI,4,2,1,2,3,6,2,2,1,2,6,4,1,4,0,7,4,0,1,6,1,3,1,0
BNB|USDT|WRX,2,3,4,5,2,1,1,6,2,1,1,3,5,0,3,2,4,3,5,3,1,2,0,4
BTC|MTL|USDT,1,2,1,1,3,3,4,6,2,1,2,1,4,1,3,3,5,3,1,2,3,2,6,2
BTC|BUSD|YFII,5,1,0,1,5,2,3,2,0,1,3,4,2,3,6,4,5,1,2,3,3,1,2,3
BTC|USDT|XEM,5,4,2,1,1,2,7,3,1,3,7,2,7,3,0,3,1,1,0,0,1,2,3,2
BTC|LSK|USDT,1,1,1,1,0,1,1,4,1,3,7,7,2,4,3,1,4,3,2,4,4,2,2,2
BUSD|USDT|WRX,2,1,2,3,0,2,1,5,3,4,1,4,4,8,6,0,0,7,2,0,0,4,1,1
BUSD|ETH|HOT,2,1,3,2,1,2,3,3,3,3,4,2,3,4,1,2,3,6,1,1,4,2,0,3
BNB|BTC|WRX,4,1,8,6,1,1,1,4,2,1,2,2,3,1,3,2,1,1,3,2,1,3,2,4
ETH|LINK|USDC,5,2,1,2,2,2,2,2,0,2,2,1,5,1,2,4,3,3,3,4,4,2,2,1
BUSD|TKO|USDT,7,2,3,2,1,2,2,1,1,1,1,1,3,1,5,9,4,3,1,2,1,1,3,0
BNB|ETH|XRP,3,3,5,1,4,4,2,2,1,0,4,3,5,1,0,1,3,2,2,0,1,6,3,1
BAND|BTC|USDT,0,5,1,5,5,2,4,0,2,1,4,3,6,1,3,2,2,2,2,1,1,1,1,3
EOS|TUSD|USDT,2,1,2,1,3,3,3,2,1,2,4,2,5,3,4,1,4,7,1,1,2,0,1,1
BTC|DCR|USDT,2,1,3,6,1,2,1,1,3,1,2,2,5,5,3,0,2,2,3,2,4,0,1,4
BEL|BTC|BUSD,1,6,0,1,3,3,3,2,4,1,6,0,2,4,2,1,3,3,0,3,2,2,2,1
BTC|RLC|USDT,5,1,0,3,3,0,2,2,3,2,2,3,1,4,1,1,3,1,3,5,2,0,5,3
BTC|ONG|USDT,3,1,2,5,2,1,1,1,5,2,2,1,4,4,3,2,4,2,1,2,1,2,4,0
BNB|BTC|CHR,1,1,1,1,2,6,4,8,6,1,3,3,0,4,4,0,3,0,0,1,1,2,3,0
BNB|TRY|XRP,0,2,0,0,1,1,2,3,1,1,8,3,5,2,0,4,2,3,4,1,3,5,2,2
BTT|BUSD|USDC,1,0,1,1,3,3,2,3,1,2,4,0,2,4,3,4,3,3,4,5,4,0,0,2
BTC|CVC|USDT,7,8,0,2,1,0,1,1,2,3,1,4,1,2,2,5,3,1,2,1,1,4,3,0
ENJ|ETH|USDT,1,2,6,4,1,1,1,2,3,3,2,1,1,0,3,3,3,2,3,4,2,3,2,1
BTC|USDT|WAN,2,1,0,0,3,2,2,2,0,7,4,1,3,3,0,5,3,3,2,3,4,2,2,0
BTC|FLM|USDT,11,0,1,1,4,0,3,1,3,0,2,3,8,1,1,1,1,1,1,0,3,2,0,5
BUSD|INJ|USDT,2,0,2,3,1,1,0,3,1,2,1,3,6,3,3,0,3,2,7,2,4,1,2,1
BTC|LTO|USDT,1,2,2,2,3,1,4,1,3,3,2,3,1,4,0,1,5,3,2,3,1,2,3,1
BNB|FET|USDT,3,1,1,1,2,3,1,1,1,1,4,3,0,0,3,1,1,4,2,2,6,3,5,2
BNB|GBP|XRP,3,1,1,0,0,0,1,1,1,2,5,2,5,1,1,2,2,3,1,4,5,6,1,3
USDC|USDT|WIN,5,1,1,1,1,3,3,2,0,1,2,4,1,0,1,3,4,5,3,1,3,2,1,3
BNB|CHZ|USDT,1,1,1,0,4,0,1,2,4,2,4,1,2,2,5,4,0,4,2,2,2,5,0,2
BTC|PNT|USDT,1,3,1,0,1,2,0,3,4,0,3,2,1,0,3,6,1,4,2,3,1,5,2,3
BNB|THETA|USDT,2,1,0,2,2,4,5,1,1,3,3,3,0,1,4,1,4,2,1,1,1,3,3,3
BNB|BTC|HBAR,1,1,0,1,0,2,2,5,0,1,2,6,3,3,2,3,3,0,6,2,1,0,5,2
BTC|NANO|USDT,0,2,2,2,2,1,2,1,1,2,2,2,1,1,1,1,2,1,3,4,3,6,6,3
TUSD|USDT|XRP,2,1,2,2,3,0,4,3,1,0,0,1,2,1,5,6,1,4,3,0,3,5,1,1
ETH|LTC|USDT,1,2,2,3,0,3,0,3,1,2,3,3,6,2,0,0,2,2,2,6,2,1,3,1
ADA|ETH|TUSD,0,0,2,1,2,1,5,3,1,1,3,3,4,3,1,2,4,2,3,5,1,0,2,0
BNB|ENJ|USDT,2,1,3,3,2,4,2,2,3,0,4,3,1,1,1,1,4,2,3,0,0,2,2,3
BUSD|SUPER|USDT,0,0,4,5,3,1,0,3,3,2,3,0,2,2,0,2,4,3,2,1,2,2,1,4
BNB|TUSD|USDT,0,1,2,0,1,2,3,0,1,1,3,6,4,2,2,1,2,7,3,2,2,1,1,2
BTC|TOMO|USDT,1,1,1,4,1,0,0,2,1,2,5,5,4,2,2,5,4,0,1,1,3,1,0,3
ALPHA|BTC|BUSD,2,2,0,5,0,3,3,4,0,0,0,1,1,1,4,2,3,3,2,5,0,1,5,2
ETH|KEY|USDT,1,1,1,1,1,2,1,2,1,0,4,5,2,1,2,3,2,4,2,2,4,3,0,3
BNB|BUSD|RUNE,2,2,4,0,3,0,1,4,3,4,5,1,1,0,2,3,1,2,1,1,1,4,0,3
BTC|FET|USDT,2,2,2,5,1,0,0,1,2,3,1,0,1,4,2,1,4,2,4,5,1,1,2,1
BTC|USDT|YFII,3,1,2,3,5,3,0,1,4,0,1,1,0,4,1,1,5,1,1,3,3,2,1,1
BTC|BUSD|DIA,1,0,1,3,3,2,1,4,0,1,1,2,2,4,2,0,3,3,2,2,3,3,1,3
BTC|PAX|XRP,5,1,0,2,1,0,3,5,2,2,0,5,1,3,1,2,3,0,2,0,3,0,0,6
BNB|BTC|FET,2,3,0,2,1,3,1,1,1,2,3,4,1,1,4,1,1,2,1,2,4,4,1,2
BTC|ENJ|USDT,1,1,1,2,1,0,2,1,0,3,3,1,1,5,1,5,3,3,2,1,2,4,1,2
BNB|HOT|USDT,2,1,0,1,2,0,1,2,2,0,6,1,4,2,2,1,3,0,2,1,3,4,2,4
BTC|BUSD|FIO,0,3,2,0,2,1,4,1,2,1,4,0,1,5,2,2,4,1,1,0,2,4,4,0
BUSD|DATA|ETH,2,2,1,0,1,4,2,4,2,1,2,0,3,2,3,4,3,2,1,3,1,0,3,0
BNB|CTSI|USDT,2,0,1,0,1,3,0,1,0,3,4,1,2,2,0,3,2,2,4,4,4,1,0,6
BUSD|USDT|XVS,1,1,0,4,1,2,1,0,2,2,4,3,2,0,3,1,3,3,1,1,1,4,2,3
BUSD|LRC|USDT,1,3,0,0,2,1,3,1,3,2,1,3,0,1,5,3,0,2,1,0,1,4,5,3
BTC|FIO|USDT,1,0,0,0,0,0,5,2,5,2,0,2,3,2,1,1,4,1,3,1,5,2,4,1
ETH|IOTX|USDT,2,0,2,1,0,4,3,2,1,2,3,1,2,4,1,2,1,2,1,3,2,0,0,6
BTC|CTXC|USDT,3,1,1,1,3,5,2,0,1,0,2,1,4,2,1,2,3,3,3,2,2,2,1,0
ETH|LSK|USDT,3,1,2,2,2,2,2,2,1,1,5,3,0,3,2,3,2,2,2,0,1,1,2,1
BNB|SAND|USDT,1,2,4,2,2,2,0,5,2,4,2,0,0,2,2,1,1,1,1,1,2,1,6,1
BTC|BUSD|KSM,1,3,1,0,1,5,0,3,1,1,3,2,1,4,5,3,3,0,2,1,1,1,1,2
BTC|BUSD|STRAX,0,0,1,3,0,2,0,1,0,3,2,4,5,2,4,5,2,0,0,4,1,3,1,1
BNB|BTT|USDC,3,2,0,2,1,2,0,1,0,0,5,2,2,3,3,2,4,2,3,4,0,1,0,2
BTC|BTG|USDT,2,3,1,2,3,2,0,2,1,3,1,2,0,1,1,0,1,0,2,1,2,4,5,5
BUSD|USDT|XVG,2,2,0,0,3,0,2,6,2,2,2,4,0,2,1,3,1,1,1,2,2,1,2,2
BNB|ONT|USDT,2,2,1,2,1,2,2,2,0,3,3,2,1,3,2,2,3,1,2,4,1,0,2,0
BNB|MBL|USDT,0,5,2,0,1,1,3,1,0,1,3,1,3,3,2,4,2,2,3,1,1,0,2,1
LTC|TUSD|USDT,2,1,0,0,3,0,2,3,2,2,2,2,3,1,3,2,3,1,1,2,5,0,2,0
BTC|ORN|USDT,0,1,3,2,0,3,3,1,3,5,0,1,4,0,1,2,1,0,2,1,3,1,5,0
BUSD|DGB|USDT,0,3,1,1,0,1,2,1,3,0,1,1,0,2,3,2,5,2,1,3,1,2,3,4
BUSD|KSM|USDT,1,5,3,0,1,5,0,2,0,2,3,1,0,3,5,1,1,1,1,0,2,1,1,3
BNB|BTC|FIL,0,5,2,2,1,1,5,3,0,1,0,1,1,4,3,3,1,1,1,1,1,3,0,1
BTC|ONT|USDT,6,1,0,0,3,4,1,5,0,1,0,1,0,0,4,1,0,1,2,2,3,2,2,2
BTC|GXS|USDT,0,3,4,0,0,3,2,3,0,1,0,4,2,2,2,0,1,2,2,0,1,3,3,3
BTC|STX|USDT,3,2,0,3,0,2,2,0,3,1,4,1,2,1,3,4,0,2,1,0,1,2,0,3
BTC|DOGE|GBP,2,0,1,1,2,0,1,0,1,1,4,3,1,1,3,0,1,1,2,3,1,3,4,4
BTC|PSG|USDT,0,0,0,1,3,3,2,2,3,2,2,0,1,2,5,1,1,3,0,1,4,2,2,0
ADA|USDC|USDT,3,3,2,1,1,2,0,1,2,1,2,0,0,5,3,1,2,2,4,1,0,1,1,2
ETH|LRC|USDT,3,1,1,1,1,3,1,3,3,0,2,2,1,2,0,2,0,3,1,2,4,2,2,0
BTC|USDT|WRX,1,0,1,1,0,1,1,1,2,2,3,2,4,1,1,3,3,6,0,0,0,4,1,1
BNB|CTK|USDT,0,4,0,0,2,2,0,3,3,3,5,1,1,0,0,2,3,2,1,1,2,0,2,2
AXS|BNB|USDT,0,2,4,0,2,2,3,0,2,4,0,1,1,0,3,1,3,1,1,3,0,4,1,1
AUDIO|BTC|BUSD,0,2,3,2,1,0,2,3,1,1,2,2,2,1,1,3,0,2,1,0,3,3,2,2
BUSD|USDT|YFI,1,0,2,1,0,1,0,1,2,2,1,6,3,1,1,3,4,1,1,1,2,1,3,1
BUSD|POND|USDT,3,1,0,3,2,1,2,0,1,2,1,1,4,3,3,3,0,1,3,0,3,1,0,1
BNB|BTC|COTI,2,1,0,0,5,1,1,0,2,1,2,3,2,1,2,2,4,3,1,1,0,3,2,0
BUSD|CTK|USDT,1,9,0,4,2,1,1,1,2,3,1,1,2,0,0,1,2,1,0,2,1,2,0,2
BTC|EOS|TUSD,3,1,2,0,1,1,3,3,0,1,3,2,5,2,2,1,2,1,2,1,2,0,1,0
BNB|ETH|THETA,3,2,4,1,1,0,2,0,0,3,2,1,5,1,1,3,0,3,2,0,0,2,3,0
BNB|BTC|ETC,2,1,5,1,0,0,0,1,1,0,2,1,2,1,0,4,3,3,2,3,1,2,3,1
BNB|COTI|USDT,1,2,1,1,2,1,0,0,1,2,1,1,1,2,4,1,5,2,2,0,2,3,1,2
BTC|BTCST|BUSD,1,0,2,2,0,1,4,0,1,0,3,2,2,3,2,1,0,2,1,1,1,5,4,0
AUDIO|BTC|USDT,3,3,2,2,1,1,0,2,0,0,2,1,3,2,2,1,2,0,1,2,1,4,2,1
BNB|MATIC|USDT,3,0,2,2,0,0,2,0,1,0,3,1,3,2,0,2,1,1,2,1,1,2,4,4
BNB|EOS|EUR,0,0,1,3,3,1,1,1,3,1,0,6,2,2,1,2,0,1,0,1,2,2,1,3
BUSD|USDC|ZEC,2,0,1,0,1,3,4,0,4,2,0,1,0,2,2,4,3,1,0,0,2,0,2,2
BTC|THETA|USDT,2,1,2,0,0,0,1,1,1,1,1,1,3,4,1,3,2,0,0,0,5,2,3,2
BTC|BUSD|NMR,1,0,1,0,2,0,1,2,0,0,0,0,5,1,2,1,1,6,0,1,2,5,2,3
BTC|EUR|LUNA,26,0,0,0,0,0,0,0,0,0,0,0,0,0,0,1,0,0,1,0,1,0,3,3
ETH|REP|USDT,0,1,3,1,2,0,3,0,0,2,1,1,1,0,3,0,2,2,1,1,3,3,4,1
BNB|MFT|USDT,2,1,1,0,0,1,2,0,3,1,1,0,2,3,0,2,4,1,0,5,5,0,0,1
BNB|BTC|TUSD,0,0,2,0,1,2,3,1,2,0,3,0,1,2,1,2,2,2,1,5,2,1,1,1
BNT|BTC|USDT,1,2,2,0,1,0,0,3,1,2,5,3,0,1,3,3,2,3,2,1,0,0,0,0
BNB|FIL|USDT,0,3,1,0,3,0,3,1,0,2,1,3,1,3,0,1,0,5,1,2,2,2,0,1
ATOM|BUSD|USDC,1,0,2,1,2,3,1,1,1,3,2,1,1,4,2,1,0,1,1,2,1,1,2,0
BNB|TRX|XRP,3,0,3,1,1,1,0,2,2,1,2,3,2,2,0,2,5,0,0,0,0,2,0,2
BTC|REN|USDT,2,0,0,1,2,0,0,2,4,0,2,4,2,0,2,2,0,1,3,4,1,2,0,0
BTC|TUSD|XRP,0,0,2,2,2,1,3,2,0,0,1,1,2,1,3,4,0,4,2,0,1,2,1,0
BNB|USDT|WTC,1,1,1,3,0,1,0,0,4,1,2,2,2,1,1,1,0,4,1,2,0,1,4,1
BAL|BTC|BUSD,0,3,2,0,2,2,0,0,2,3,3,1,2,0,2,2,0,1,0,3,1,2,2,0
BNB|BTC|LUNA,25,0,0,0,1,0,0,0,0,0,0,1,1,0,1,0,1,0,0,0,0,0,1,2
ETH|STMX|USDT,3,0,1,1,0,0,5,1,0,0,4,2,1,1,0,3,2,3,1,0,0,3,1,1
BTC|BUSD|HBAR,2,3,1,2,1,0,2,1,0,1,0,0,0,0,3,4,2,0,1,1,2,4,1,2
BLZ|BNB|USDT,0,1,0,2,0,2,1,2,1,0,0,3,2,0,5,2,3,3,3,2,1,0,0,0
BNB|HBAR|USDT,2,1,2,1,0,2,3,1,1,0,0,1,0,0,1,1,0,5,2,4,1,0,3,2
BUSD|NMR|USDT,0,0,0,0,2,1,2,2,2,0,0,2,3,1,1,1,2,1,0,2,1,1,1,8
BNB|BUSD|FIL,0,1,3,3,2,0,3,2,0,2,3,1,0,1,2,3,0,2,0,2,1,0,0,1
BTC|LUNA|USDT,27,0,0,0,1,0,0,0,0,0,0,0,0,0,0,0,0,0,0,0,0,0,1,3
BTC|ETH|NANO,1,2,1,0,2,1,0,3,1,0,1,1,0,0,3,1,2,1,2,2,3,1,2,2
BTC|ETH|LTC,1,3,0,1,0,3,1,1,0,1,0,2,3,2,1,0,2,1,2,3,1,3,0,1
BEL|BNB|BUSD,1,3,0,0,0,1,4,2,0,1,5,0,2,1,1,1,1,2,0,1,1,1,2,2
ADA|BNB|USDT,1,1,1,2,0,2,1,3,1,2,0,0,0,1,0,2,3,1,2,2,1,5,0,1
ETH|PAX|XRP,2,5,0,1,0,0,0,4,1,2,0,1,1,1,2,1,1,0,2,3,3,0,0,2
BTC|BUSD|INJ,1,1,2,1,0,1,1,1,1,3,1,2,3,1,2,1,1,1,3,0,4,0,0,1
BNB|BTC|SAND,2,3,2,0,1,0,0,4,1,2,2,0,2,2,1,2,1,0,0,2,1,2,1,1
BUSD|OMG|USDT,0,1,0,0,3,0,3,1,6,1,3,0,0,1,1,0,2,1,1,1,0,3,2,2
BNB|FTT|USDT,0,0,1,2,0,3,0,1,0,1,1,2,1,2,2,3,2,0,4,1,1,2,2,0
ETH|KMD|USDT,0,0,0,1,0,1,0,0,5,0,4,4,0,5,1,3,1,3,1,0,1,0,1,0
AR|BUSD|USDT,2,0,1,2,2,1,0,1,2,1,3,3,1,1,1,2,0,1,0,4,0,1,1,1
ETH|IOTA|USDT,2,3,2,0,1,0,0,0,2,1,2,1,0,1,2,1,1,2,3,1,4,2,0,0
BNB|USDT|ZIL,1,2,1,1,2,1,0,1,0,0,2,0,1,1,5,1,3,1,0,0,3,1,2,1
BUSD|LIT|USDT,1,3,3,3,3,0,1,0,3,0,1,1,0,1,0,0,1,0,1,2,1,1,2,2
BNT|ETH|USDT,0,2,0,0,1,0,0,0,1,3,2,1,1,1,2,9,2,0,1,0,2,0,1,1
BTC|BUSD|OCEAN,0,0,2,2,2,0,0,1,0,1,3,1,3,3,2,0,0,3,1,1,0,3,1,1
ETH|USDT|WAN,1,1,2,0,0,3,1,0,1,1,1,1,1,1,1,4,1,2,1,2,0,1,2,2
ETH|MANA|USDT,1,0,1,0,3,0,1,3,3,0,3,3,0,2,2,2,0,0,2,0,1,1,2,0
BNB|ETH|ZEN,0,2,1,0,1,0,1,2,3,1,0,1,4,1,1,1,1,0,1,0,1,4,0,3
BNB|BTC|DASH,1,3,2,1,1,0,0,2,2,1,2,0,1,2,0,0,0,2,2,2,2,2,1,0
TRX|USDC|WIN,1,1,0,0,0,0,0,1,1,4,0,0,2,2,2,3,2,2,4,0,1,2,1,0
ADA|BTC|USDC,2,2,2,1,1,1,0,0,0,0,1,0,2,2,0,1,3,2,4,0,0,0,2,2
AXS|BNB|BTC,1,2,4,0,1,1,0,1,2,1,0,2,1,0,1,0,2,2,2,2,0,1,1,1
LAZIO|TRY|USDT,1,0,0,2,2,3,2,3,1,2,0,0,1,1,1,0,1,0,0,0,1,5,0,2
BNB|ETC|USDT,0,3,4,0,0,0,2,0,1,0,2,1,0,2,1,4,0,1,2,2,2,0,0,1
BUSD|TWT|USDT,1,0,2,1,0,2,1,1,1,3,0,1,3,1,2,0,1,0,2,1,1,1,0,2
BNB|USDT|WAVES,3,1,1,1,1,2,0,0,0,1,2,2,1,2,1,0,2,0,1,1,1,2,2,0
BUSD|USDC|WIN,1,0,0,0,0,3,1,1,1,2,3,1,0,3,0,1,0,3,7,0,0,0,0,0
BTC|STRAX|USDT,1,0,1,0,1,1,2,1,1,2,2,1,1,2,2,1,2,0,0,3,1,1,1,0
BNB|DAI|USDT,0,0,0,0,1,3,0,0,0,0,0,0,0,0,0,3,3,1,0,3,2,7,2,2
BTC|LTC|USDT,2,1,1,2,1,2,0,2,0,1,0,2,5,0,2,1,1,2,0,2,0,0,0,0
BAND|BUSD|USDT,0,0,0,0,1,2,1,1,1,1,1,1,2,2,2,1,0,2,1,4,1,1,2,0
EUR|SXP|USDT,1,2,1,1,0,0,1,1,1,0,0,0,1,2,1,2,2,4,2,2,1,1,0,1
PAX|TRX|USDT,0,0,1,0,2,0,1,1,0,1,3,0,2,1,2,3,0,0,1,2,6,0,0,1
BUSD|LINA|USDT,1,2,1,1,0,0,1,2,1,1,0,1,3,0,1,1,1,2,1,2,1,0,2,1
BTC|OMG|USDT,1,0,1,0,1,2,2,1,0,1,1,0,1,1,0,1,1,5,1,2,3,0,0,1
BNB|FTM|USDT,0,1,0,0,1,3,0,0,1,1,1,2,1,0,1,2,2,3,1,2,1,1,2,0
BTC|BUSD|YFI,0,0,2,0,0,1,0,0,1,3,1,5,0,0,0,1,4,0,2,2,1,1,2,0
BTT|TRX|USDC,1,1,1,0,1,1,1,3,0,0,2,0,0,1,1,0,2,1,0,2,2,0,1,4
BNB|BTT|TUSD,3,1,0,1,1,0,0,3,1,0,1,1,0,2,2,4,0,1,1,1,1,0,1,0
BTC|BUSD|SAND,3,0,2,1,1,1,0,2,1,1,0,3,2,2,0,2,0,1,2,0,0,0,0,1
BTC|LTC|TUSD,1,1,0,0,1,0,1,1,1,1,3,0,1,1,2,1,2,1,1,2,2,1,1,0
ADA|BNB|TUSD,1,1,0,0,1,2,0,2,0,1,7,1,1,0,1,1,1,0,0,2,0,0,1,2
TRX|TUSD|USDT,0,2,2,0,0,2,0,0,0,3,1,2,1,1,1,1,2,1,0,0,2,1,1,2
BUSD|JST|USDT,1,0,6,1,0,0,0,1,3,3,0,0,1,3,3,0,0,0,0,1,1,1,0,0
BUSD|SAND|USDT,1,0,1,1,2,2,0,1,1,1,0,3,2,1,0,1,0,2,3,1,0,0,0,1
BNB|PAX|USDT,0,1,0,0,0,1,2,0,0,1,1,1,3,3,1,0,1,0,0,0,1,3,2,3
BNB|ONE|USDT,1,1,0,0,3,2,2,1,1,0,3,1,2,0,0,2,1,0,1,0,0,2,0,1
BNB|EOS|USDC,0,2,3,4,2,0,0,0,0,2,0,0,0,2,1,1,0,3,1,1,0,1,1,0
BNB|BUSD|WRX,0,1,2,1,3,0,1,3,1,1,0,2,1,2,1,0,1,2,0,1,0,1,0,0
BNB|ETH|TUSD,0,0,1,0,1,2,1,0,2,1,2,1,1,2,1,0,1,1,1,2,2,1,1,0
TRX|USDT|WIN,0,2,0,1,1,1,1,0,2,1,3,1,1,0,4,0,1,0,1,1,0,0,2,0
BTC|EUR|SXP,3,1,0,1,0,1,2,1,2,0,0,0,0,4,0,1,1,3,1,1,0,0,0,1
BTC|HIVE|USDT,1,0,0,0,2,3,3,0,0,0,0,1,0,1,0,3,1,1,1,1,2,1,2,0
ETH|NANO|USDT,2,1,1,1,0,2,0,0,1,0,0,2,1,1,2,0,1,0,0,1,1,3,2,1
ADA|BNB|BTC,2,0,0,2,0,1,1,3,0,1,0,1,0,0,0,3,3,2,1,2,0,1,0,0
BTC|ETH|ONT,0,1,0,0,1,1,0,1,0,2,1,1,3,1,1,0,0,2,2,0,2,0,1,3
BNB|IOTA|USDT,2,0,0,0,1,1,0,1,0,1,2,0,1,3,0,1,1,0,0,2,2,2,2,1
BUSD|OCEAN|USDT,1,0,2,1,0,0,0,0,1,1,1,0,2,3,1,0,0,3,2,1,2,1,0,1
BNB|RUNE|USDT,0,1,0,0,0,0,3,2,1,1,0,0,1,1,0,1,2,2,0,2,1,2,2,0
AXS|BNB|BUSD,2,0,2,0,0,0,2,2,1,3,0,0,1,1,0,0,0,1,1,2,2,0,1,1
BNB|EOS|TUSD,3,0,1,0,1,0,0,2,0,1,2,1,1,1,3,0,0,1,1,0,0,0,4,0
ETH|LINK|USDT,2,0,0,0,0,2,1,2,1,1,1,1,1,2,2,0,3,1,0,1,0,0,0,1
ETH|RLC|USDT,1,0,0,1,0,0,0,1,1,0,3,1,1,1,2,1,1,0,2,0,0,3,0,3
ETH|TUSD|XRP,1,0,1,2,3,0,0,3,0,0,0,2,2,0,2,2,0,0,2,0,1,1,0,0
BTC|BUSD|SOL,1,0,3,2,0,1,1,0,2,4,1,0,0,1,2,1,0,1,0,0,0,0,1,1
BNB|USDT|WIN,0,0,0,1,0,0,2,0,1,0,2,2,0,4,0,1,3,2,0,1,1,1,1,0
BNB|USDT|XVS,1,0,0,0,4,0,1,0,2,0,0,0,2,0,4,0,0,1,0,1,1,3,1,0
AR|BTC|USDT,2,1,1,3,1,0,2,2,0,0,1,0,0,0,0,1,1,1,1,0,0,2,1,1
ETH|USDC|ZEC,1,0,1,1,0,1,0,0,0,1,2,1,1,2,1,1,3,0,0,0,1,0,1,3
BNB|BTC|XTZ,0,0,1,2,0,0,0,0,0,2,1,1,4,0,2,3,2,0,1,0,2,0,0,0
BTC|EUR|YFI,0,0,0,0,0,0,0,0,0,0,0,0,0,0,0,2,3,1,0,2,6,2,3,2
BNB|BTC|ZEC,0,0,0,0,0,0,1,1,0,2,2,1,0,1,2,0,0,0,1,1,4,3,0,2
BNB|BTC|FTT,0,0,0,0,1,2,0,0,0,0,0,0,0,2,5,2,2,0,2,0,1,3,0,1
BAT|ETH|USDT,0,0,1,1,0,1,1,0,6,0,1,2,1,0,1,2,1,1,0,0,0,0,1,1
BUSD|EUR|GRT,0,0,0,2,0,0,1,0,0,2,1,0,1,2,0,1,1,2,1,0,2,4,1,0
ETH|GTO|USDT,0,0,1,2,0,1,1,1,1,1,0,0,2,2,1,3,1,0,0,0,2,1,1,0
TRX|USDT|XRP,0,0,0,0,0,2,2,0,2,2,0,7,3,1,0,0,0,0,1,0,0,0,1,0
AVA|BTC|USDT,1,1,1,1,1,1,0,1,0,1,1,1,1,2,1,2,1,1,1,1,0,0,0,1
BNB|BUSD|CTK,0,2,1,1,0,4,2,0,0,1,2,2,0,0,0,1,0,1,0,2,1,0,0,1
BTC|BTCST|USDT,4,0,0,1,1,1,0,0,0,1,1,1,2,1,1,0,0,1,0,1,2,1,1,1
BTC|EOS|USDC,1,0,0,2,0,1,1,1,0,1,2,1,1,2,0,2,1,1,0,0,1,1,0,1
BNB|TRY|USDT,0,0,0,0,0,0,2,2,1,0,5,2,0,1,1,0,1,1,1,0,0,0,1,2
EOS|USDC|USDT,2,0,0,2,0,1,2,0,1,1,1,1,0,2,0,2,3,0,0,1,0,0,0,1
BTC|RUB|XRP,1,0,0,0,0,0,0,1,3,0,3,2,3,0,1,0,0,1,1,1,2,0,1,0
ADA|ETH|USDC,1,0,2,1,1,1,1,0,1,0,2,1,0,1,0,2,0,1,1,0,0,1,1,2
EOS|ETH|TUSD,2,1,1,0,0,0,1,4,0,1,0,1,0,0,1,0,2,3,1,1,1,0,0,0
ETH|SLP|USDT,0,0,1,0,1,1,0,1,0,2,0,0,0,3,1,1,0,2,0,0,1,1,4,1
BUSD|TRX|XRP,0,1,0,0,1,2,0,1,2,1,2,7,3,0,0,0,0,0,0,0,0,0,0,0
BNB|BTC|CTK,1,0,0,1,1,3,2,1,0,1,1,0,1,1,0,1,0,0,0,0,1,4,1,0
BAND|BTC|BUSD,0,0,0,1,1,1,1,1,0,1,1,0,3,1,1,3,0,1,1,3,0,0,0,0
BTC|CTK|USDT,0,0,1,2,0,1,0,0,0,1,0,0,0,0,3,1,2,1,0,1,0,2,2,2
BTC|ETH|TRY,1,0,0,0,0,0,0,2,0,2,2,1,3,0,1,0,0,2,2,2,0,1,0,0
BNB|BTC|PAX,0,0,0,1,0,1,0,0,0,1,1,1,1,2,1,0,2,0,0,0,2,1,2,3
BTC|BUSD|WRX,1,0,0,0,0,0,1,2,0,2,0,3,1,0,1,0,3,3,1,0,0,1,0,0
EUR|USDT|YFI,0,0,0,0,0,0,0,0,0,0,0,0,0,0,0,2,3,0,0,0,6,3,2,3
BAT|BNB|USDT,1,1,1,0,0,0,0,1,2,1,1,0,0,1,0,0,2,0,1,1,1,1,2,2
BEL|BNB|BTC,2,1,2,0,0,2,2,0,1,2,0,1,0,1,1,1,1,0,0,1,0,1,0,0
BUSD|NANO|USDT,3,0,2,0,1,5,0,0,1,1,1,0,0,0,0,1,0,0,0,2,0,0,0,2
BTC|SKL|USDT,0,1,0,0,0,0,1,0,1,1,2,0,2,1,0,0,0,2,1,1,2,1,1,2
BEL|BNB|USDT,0,0,0,1,1,0,1,2,1,1,3,0,1,0,0,2,1,0,1,1,1,2,0,0
ETH|USDT|ZRX,3,2,0,0,1,0,0,0,0,2,1,0,1,1,0,0,1,0,1,0,2,2,2,0
BTC|USDT|YFI,2,2,0,0,1,2,0,0,2,0,0,1,2,1,0,0,1,1,0,1,2,0,0,1
BTC|BUSD|CTK,0,1,0,0,0,0,1,0,1,0,0,3,1,1,1,1,1,3,0,3,0,0,2,0
BLZ|BTC|USDT,1,0,0,1,1,2,3,1,1,0,0,0,3,1,1,1,0,0,0,0,1,0,0,1
BAKE|BUSD|USDT,0,1,0,0,1,2,0,1,1,0,1,0,0,0,3,1,0,1,2,1,0,1,2,0
BTC|DAI|ETH,0,0,0,0,1,12,0,0,0,0,0,0,0,0,0,0,0,3,0,0,1,1,0,0
BNT|BUSD|USDT,0,0,0,0,0,0,3,1,0,0,1,2,1,0,0,1,0,1,2,2,1,1,2,0
BUSD|EUR|YFI,0,0,0,0,0,0,1,0,0,0,0,1,0,0,0,1,2,1,0,1,6,3,1,1
BUSD|ETH|LRC,2,0,1,3,1,1,0,0,0,2,0,0,0,0,0,0,0,5,1,0,0,1,1,0
BTC|UNFI|USDT,0,0,1,1,0,1,1,0,1,0,3,3,3,0,0,0,2,0,0,1,1,0,0,0
BUSD|RUNE|USDT,1,0,1,1,1,0,0,1,0,0,1,0,0,2,2,1,0,2,1,2,1,0,0,1
BNB|EOS|TRY,0,0,0,1,0,1,1,3,2,1,1,2,1,0,0,1,1,0,0,0,0,2,0,1
BNB|USDT|XTZ,0,0,1,2,0,0,0,0,0,0,0,1,4,0,2,0,2,0,2,0,3,1,0,0
ETH|PAX|TRX,0,0,2,0,1,0,0,1,0,2,1,1,1,0,0,2,1,0,1,2,0,0,0,3
BNB|KAVA|USDT,0,2,0,1,0,2,1,0,1,0,1,2,0,1,0,0,3,1,1,1,0,0,0,1
BNB|BUSD|HBAR,0,0,0,0,0,2,2,2,0,1,1,2,1,0,0,1,0,1,1,0,0,0,3,1
ETH|GXS|USDT,0,1,0,1,2,0,0,2,0,1,0,1,1,1,0,0,3,1,0,1,2,0,1,0
BTC|BUSD|LRC,0,1,0,0,0,2,0,0,1,2,1,1,0,0,2,3,0,2,0,0,0,1,0,2
ETH|USDT|XVG,1,0,0,0,0,1,1,2,0,1,1,1,0,4,1,0,2,0,0,1,0,0,1,1
BNB|USDC|XRP,0,0,0,1,2,3,1,0,1,0,2,0,2,1,2,0,0,2,0,0,0,0,0,1
BUSD|SKL|USDT,0,0,1,1,0,1,0,1,1,2,1,0,0,1,3,2,0,0,0,0,1,0,0,2
BNB|CHR|USDT,1,1,0,0,0,0,2,2,0,0,1,1,2,0,1,3,0,0,0,0,0,2,1,0
BNB|BTC|XVS,2,1,0,0,1,0,0,0,1,0,0,0,3,0,1,0,0,0,1,3,0,2,1,1
ETH|TRY|USDT,2,0,0,0,0,2,2,1,0,2,3,1,1,0,1,0,0,0,0,1,0,1,0,0
BTC|BUSD|LIT,1,1,1,0,0,0,1,1,0,3,0,1,0,1,2,2,0,1,0,0,0,0,1,1
BUSD|ETH|XVG,0,0,0,1,0,1,1,2,1,1,0,0,0,1,0,0,0,1,0,1,1,2,4,0
BTC|USDT|UTK,0,0,0,1,0,0,2,2,0,0,1,1,1,0,0,2,1,1,1,1,1,0,1,1
BUSD|ETH|NANO,3,0,1,0,0,1,0,0,1,1,2,1,1,0,1,1,1,1,0,0,0,0,1,1
BNB|TUSD|XRP,0,1,1,2,0,1,1,3,0,0,2,0,1,0,0,2,0,2,1,0,0,0,0,0
AXS|BTC|USDT,1,0,0,1,0,1,0,1,0,0,2,1,1,1,0,0,0,1,1,0,0,1,4,1
TRX|USDC|USDT,0,0,0,1,0,2,0,1,0,0,5,1,0,0,1,2,1,1,0,0,0,1,1,0
RUB|USDT|XRP,0,0,0,1,0,0,3,1,1,1,2,2,0,1,2,0,1,0,1,0,1,0,0,0
ETH|LTC|TUSD,2,0,0,0,0,1,1,0,1,1,1,0,2,1,1,0,1,0,1,0,3,0,1,0
BUSD|DAI|ETH,2,0,0,0,0,14,0,0,0,0,0,0,0,0,0,0,0,0,0,0,0,1,0,0
ETH|QTUM|USDT,0,1,1,1,1,1,0,0,0,1,1,0,1,0,1,0,1,0,1,1,2,1,1,0
BNB|BUSD|SOL,0,0,2,0,2,0,5,0,0,0,0,0,0,0,0,0,0,0,2,2,2,1,0,0
BTC|LINK|USDT,0,1,0,1,0,0,1,1,0,0,1,1,1,1,0,1,2,1,0,2,1,1,0,0
BTC|NMR|USDT,0,0,0,0,1,1,0,0,1,1,0,0,3,0,0,1,2,1,0,0,1,2,0,2
BNB|BUSD|CTSI,1,0,0,1,0,0,1,1,1,1,1,1,4,2,1,0,0,0,1,0,0,0,0,0
BNB|BTC|DAI,2,0,0,0,0,2,0,0,0,0,0,0,0,0,0,1,1,0,0,4,0,4,0,2
BNB|USDT|ZEN,0,0,0,1,2,1,2,0,0,0,0,0,0,0,0,2,0,1,2,1,0,0,2,2
BNB|BTC|KAVA,0,1,1,0,2,2,1,0,3,0,0,1,0,0,0,1,0,0,3,0,0,0,1,0
ATOM|BNB|USDC,1,1,1,1,0,2,0,0,0,1,0,1,0,1,2,0,0,1,1,0,1,2,0,0
ADA|BNB|ETH,2,1,0,1,0,0,0,2,0,0,1,0,1,1,0,1,0,0,1,1,1,1,1,1
BTC|COMP|USDT,1,0,3,0,0,0,0,1,0,0,0,1,0,0,1,1,1,0,2,0,2,1,1,1
BRL|BTC|DOGE,3,1,2,1,0,0,1,0,0,1,0,0,0,0,1,0,0,0,0,0,1,0,1,3
EOS|ETH|USDC,1,1,0,2,1,2,0,0,0,0,1,0,1,2,0,1,0,0,0,1,1,0,1,0
BNB|BUSD|SAND,1,0,0,2,2,0,0,0,1,2,2,1,1,0,0,1,1,0,0,0,0,1,0,0
BTC|TRY|XRP,0,0,0,0,0,1,3,0,1,0,2,2,0,1,0,2,0,2,0,0,0,0,0,1
ETH|RUB|USDT,0,0,0,0,2,0,3,1,1,2,2,1,0,0,0,0,1,1,1,0,0,0,0,0
AR|BTC|BUSD,2,0,0,2,1,0,0,0,1,1,1,2,0,1,0,2,0,1,0,0,0,1,0,0
BTC|BUSD|OMG,0,0,0,0,2,0,0,1,2,1,2,0,0,2,0,0,1,0,1,0,0,2,0,1
BTC|BUSD|CRV,0,0,0,0,0,0,0,0,1,0,1,0,2,0,0,0,2,1,1,1,2,0,1,3
BTC|BUSD|ONT,1,0,0,0,0,1,1,2,1,0,1,0,0,1,2,0,0,2,0,1,0,0,0,2
BTC|BUSD|XVS,0,0,1,0,0,1,0,1,2,1,0,0,0,2,0,1,0,0,1,0,1,2,2,0
BNB|BTC|USDC,0,0,1,0,1,0,0,1,2,0,3,0,0,1,1,1,0,1,2,0,0,0,0,1
TRY|USDT|XRP,0,0,0,0,0,1,3,0,2,1,2,1,0,3,0,0,0,0,0,0,0,2,0,0
BRL|BUSD|WIN,2,0,0,0,0,1,0,0,0,0,0,1,1,2,2,0,0,2,1,2,0,0,1,0
AION|BNB|USDT,2,0,0,0,1,0,0,2,1,2,3,0,1,1,0,0,0,0,0,0,1,0,0,0
ETH|OMG|USDT,1,1,0,0,1,0,0,2,1,1,0,1,0,2,0,1,1,0,0,0,0,2,0,0
BTC|UAH|USDT,0,0,0,2,0,0,1,0,0,0,1,2,0,0,0,2,0,1,1,0,0,1,2,1
BUSD|ETH|IOTA,1,1,0,0,0,0,0,1,0,1,1,1,2,0,1,0,1,1,1,0,1,1,0,0
BUSD|ETH|KNC,0,1,0,0,0,1,0,0,1,0,2,0,0,0,0,0,0,1,1,1,1,2,0,3
BTC|USDT|ZEN,1,0,2,0,0,2,0,1,1,0,1,1,0,0,0,1,0,0,1,0,0,0,0,3
ETH|TRX|XRP,1,0,0,1,0,1,0,0,1,2,2,3,2,0,0,0,0,0,0,0,0,0,1,0
BUSD|EUR|WIN,0,0,0,0,0,0,1,2,1,0,1,3,1,1,0,1,0,0,1,1,0,0,1,0
BUSD|EUR|SXP,0,0,0,1,0,0,1,1,1,0,0,0,1,2,0,1,0,1,0,1,1,0,0,3
BNB|IOST|USDT,2,0,0,1,2,0,0,1,0,0,1,1,0,0,1,0,1,1,2,0,0,0,1,0
EUR|GRT|USDT,0,0,0,1,0,0,0,1,0,1,1,0,2,0,0,0,2,0,0,1,2,2,1,0
BNB|ETC|ETH,0,0,0,0,0,0,1,0,0,0,2,1,0,1,0,3,0,1,1,2,2,0,0,0
BNB|DASH|USDT,0,1,0,0,0,0,0,0,1,1,4,2,0,0,0,0,0,0,2,0,0,1,1,1
TRX|TRY|XRP,0,0,0,0,0,1,0,0,1,0,2,4,6,0,0,0,0,0,0,0,0,0,0,0
BTC|OGN|USDT,1,3,1,0,1,1,1,0,1,1,1,0,0,0,1,1,0,1,0,0,0,0,0,0
BNB|USDC|USDT,0,1,1,0,0,1,0,1,2,0,1,0,0,1,1,1,0,1,2,0,0,0,0,1
BTC|HARD|USDT,0,1,0,2,0,1,0,1,0,0,2,0,0,1,1,0,0,0,0,0,0,2,2,0
BUSD|ROSE|USDT,0,0,0,0,1,0,0,0,0,2,0,1,2,0,1,2,0,0,1,1,1,0,1,0
BTC|OCEAN|USDT,0,1,1,0,0,0,0,1,0,1,0,0,1,1,1,1,0,1,1,1,0,1,0,1
BUSD|ETH|MANA,1,1,1,0,1,0,0,0,0,1,2,1,1,0,0,0,1,1,0,0,0,0,0,2
ANT|BTC|BUSD,0,0,0,0,0,2,0,1,3,1,0,0,2,1,0,1,1,1,0,0,0,0,0,0
BTC|EUR|XRP,0,0,0,0,0,0,0,2,1,0,2,0,1,2,0,0,1,2,0,0,1,1,0,0
BNB|USDT|WAN,2,2,1,0,0,0,0,2,1,0,2,0,0,0,1,1,0,0,0,0,1,0,0,0
BNB|INJ|USDT,2,2,0,0,0,0,0,0,0,0,0,1,0,0,0,1,0,2,0,1,0,3,0,1
BTC|BUSD|NANO,3,0,1,1,0,2,0,0,1,0,0,0,0,0,0,3,0,0,0,1,0,0,0,1
BNB|STX|USDT,0,0,1,0,0,1,1,0,0,3,3,0,0,1,2,0,0,0,0,0,1,0,0,0
ANT|BUSD|USDT,0,0,1,0,0,1,0,1,1,0,0,0,3,1,1,1,1,1,0,0,1,0,0,0
ADA|BNB|USDC,3,0,1,1,0,1,0,0,2,0,1,0,1,1,0,0,0,1,0,0,0,0,0,1
BNB|SRM|USDT,0,1,1,0,0,2,1,0,0,1,0,1,1,0,0,1,0,1,0,1,0,0,0,2
BUSD|TLM|USDT,1,1,1,0,1,0,0,0,1,0,1,1,0,0,0,0,1,2,1,1,1,0,0,0
BTC|CRV|USDT,1,0,1,0,1,0,1,0,1,0,0,2,0,1,0,0,2,1,0,0,1,0,0,1
BNB|SC|USDT,1,0,0,1,0,0,0,0,0,1,0,0,2,1,1,0,2,0,2,0,0,0,1,1
ETH|USDT|ZIL,0,0,0,0,0,0,0,0,1,1,1,1,0,1,1,0,1,1,0,2,1,0,0,2
BUSD|EGLD|EUR,0,0,0,0,0,0,0,0,0,0,0,0,0,0,0,1,0,1,2,1,2,5,1,0
BNB|LTC|TUSD,0,0,1,1,0,0,0,0,0,0,2,0,1,1,0,1,2,0,0,1,2,1,0,0
BNB|BTC|STX,1,0,1,0,0,1,2,1,0,1,0,0,0,1,2,1,0,1,0,1,0,0,0,0
BUSD|FTM|USDT,0,1,0,1,1,1,1,0,2,0,0,1,0,1,0,1,0,0,0,1,1,1,0,0
BTC|BUSD|SKL,0,1,0,0,0,1,0,0,0,2,1,0,0,1,2,4,1,0,0,0,0,0,0,0
BNB|EUR|USDT,1,0,0,0,0,0,1,1,1,0,1,0,2,2,0,1,0,0,1,0,0,0,0,1
BUSD|MIR|USDT,0,0,1,0,0,1,1,1,0,0,0,0,0,0,0,0,0,2,0,2,1,2,0,1
BNB|ETH|USDC,0,1,0,0,0,1,0,0,3,0,1,0,0,1,1,2,1,0,0,0,1,0,0,0
BNT|BTC|BUSD,1,0,1,0,0,0,0,0,0,1,0,2,0,2,0,0,1,0,1,2,1,0,0,0
BNB|USDT|ZEC,0,0,1,0,1,0,1,2,0,0,0,0,0,0,1,1,0,0,1,2,0,2,0,0
ETH|ICX|USDT,0,3,0,0,0,0,0,1,1,0,1,0,0,1,1,1,2,0,0,0,0,1,0,0
ETH|KNC|USDT,1,0,0,0,0,0,0,1,2,0,3,1,0,0,0,0,0,0,0,1,0,1,0,2
BTC|RUNE|USDT,1,0,0,0,0,0,1,2,1,1,0,0,0,1,1,0,1,1,0,0,0,0,1,1
BNB|BUSD|XVS,0,1,0,0,1,1,2,0,0,0,0,0,1,0,0,0,1,0,0,2,0,1,2,0
BNB|BUSD|ENJ,0,0,0,0,1,0,1,0,3,0,3,0,0,1,0,0,0,0,0,0,1,0,1,1
ETH|USDT|ZEN,0,0,0,0,1,1,0,1,2,1,0,1,0,0,1,1,0,0,0,1,0,1,1,0
BTC|ETH|RUB,0,0,0,1,2,1,1,0,0,0,0,0,0,0,3,1,1,1,1,0,0,0,0,0
ARPA|BNB|USDT,2,0,0,0,1,1,0,0,1,0,0,1,1,0,0,0,1,2,1,1,0,0,0,0
ETH|SC|USDT,0,1,0,0,1,2,1,1,1,0,0,1,2,0,0,0,1,1,0,0,0,0,0,0
BNB|BUSD|WAVES,2,0,1,1,0,0,0,0,0,1,3,0,0,1,1,0,0,0,1,1,0,0,0,0
EUR|USDT|XRP,1,0,0,0,0,0,0,0,0,0,3,0,1,0,0,0,0,2,0,1,1,1,1,0
BNB|BTC|EUR,0,0,0,0,0,0,0,1,2,1,2,0,0,1,1,1,0,0,0,1,1,0,0,0
ETH|STORJ|USDT,0,1,0,1,0,0,0,0,0,0,2,0,0,2,0,0,2,0,0,0,1,1,0,1
BNB|DAI|ETH,2,0,0,0,0,1,0,0,0,0,0,0,0,0,0,0,0,0,0,2,0,4,0,2
BNB|ETH|PAX,0,0,1,0,0,0,1,0,0,1,1,0,0,1,1,0,1,0,0,0,1,1,0,2
BTC|BUSD|COMP,1,0,0,1,0,0,1,1,0,0,1,0,1,0,1,0,0,1,2,0,0,1,0,0
BNB|IDRT|USDT,2,0,0,0,1,1,1,0,1,1,0,0,0,0,0,0,0,0,0,1,0,0,2,1
BTC|RUB|USDT,1,0,0,2,0,0,2,0,0,0,2,0,0,2,0,0,0,0,1,0,0,1,0,0
BUSD|FTT|USDT,0,0,0,0,0,0,1,0,0,1,1,0,0,0,1,1,0,1,0,0,2,0,1,2
BUSD|ENJ|ETH,0,0,1,0,0,0,0,1,0,0,1,0,0,0,0,0,3,2,1,0,1,1,0,0
BUSD|RUB|USDT,1,0,0,0,0,0,0,1,1,0,0,2,0,0,0,3,0,0,0,2,0,0,1,0
BNB|BTC|SRM,0,1,1,0,0,1,0,0,0,0,1,1,1,0,1,1,1,1,0,0,0,0,1,0
BUSD|ETH|ZRX,1,1,0,1,0,0,1,0,0,2,1,0,0,0,1,0,0,0,2,0,0,0,0,1
BTC|LRC|USDT,1,1,1,0,0,0,1,0,1,1,0,0,1,0,1,0,0,0,1,0,0,0,0,2
BTC|BUSD|ENJ,1,1,0,0,0,0,0,1,1,1,2,1,1,0,0,0,1,0,0,0,0,0,0,0
BTC|ETH|EUR,0,0,0,0,0,0,0,0,0,1,1,1,1,0,1,2,1,0,1,0,0,1,0,0
ENJ|EUR|USDT,1,0,0,0,0,0,2,0,0,0,0,0,0,1,0,0,0,0,0,0,2,2,1,1
BNB|BUSD|ICX,0,0,0,1,0,0,1,0,0,1,3,0,0,1,0,0,0,1,1,0,1,0,0,0
BNB|BTC|TRY,0,0,0,0,0,1,0,0,0,0,4,0,0,1,1,0,1,0,1,0,1,0,0,0
BTC|TRY|USDT,0,0,0,0,0,0,0,0,1,0,4,2,0,1,1,0,0,0,0,0,0,1,0,0
BUSD|IOST|USDT,0,0,0,0,0,0,0,1,0,0,0,0,2,0,0,0,0,1,0,1,0,3,2,0
BTC|ICX|USDT,1,0,0,1,1,0,0,0,0,1,0,0,0,0,0,0,1,0,0,1,0,3,1,0
AAVE|BNB|USDT,0,0,0,0,0,0,1,1,3,3,0,1,0,0,0,0,0,0,0,1,0,0,0,0
BTC|KAVA|USDT,0,1,1,0,0,0,0,1,1,0,0,3,0,0,1,0,0,0,0,2,0,0,0,0
BTC|LIT|USDT,0,0,0,0,0,0,0,0,1,2,0,1,0,1,0,3,1,0,0,0,0,0,1,0
ETH|IOST|USDT,0,0,0,0,2,0,0,1,0,1,2,0,0,1,0,0,0,0,0,1,1,1,0,0
BNB|BUSD|XTZ,0,0,0,0,0,0,0,0,0,1,3,0,1,1,1,0,2,0,0,0,1,0,0,0
BNB|BTC|RUB,1,0,0,0,1,0,0,0,2,0,2,0,0,0,1,1,0,0,0,2,0,0,0,0
BNT|BUSD|ETH,1,0,0,0,0,1,0,0,0,0,0,1,0,1,0,4,1,0,0,0,0,0,1,0
BNB|BUSD|DASH,0,0,0,0,0,1,0,1,1,0,4,1,0,0,0,0,0,0,1,0,0,0,0,0
BNB|ETH|TRY,0,0,0,0,0,1,0,0,1,0,4,0,0,0,1,0,0,0,0,1,0,1,0,0
BUSD|SFP|USDT,0,2,0,0,0,1,1,0,0,0,0,0,0,0,1,0,0,1,0,0,1,0,1,1
BTC|ETH|WBTC,0,0,0,3,0,0,0,1,2,1,0,1,0,0,0,0,0,0,0,1,0,0,0,0
BTC|DIA|USDT,1,0,0,1,0,0,0,1,0,0,1,0,0,2,1,0,1,0,0,0,1,0,0,0
PAX|TRX|XRP,1,1,0,0,0,0,0,1,2,0,1,0,0,0,2,0,1,0,0,0,0,0,0,0
BTC|USDT|WAVES,0,0,1,1,1,1,0,1,0,0,4,0,0,0,0,0,0,0,0,0,0,0,0,0
BTC|USDC|XRP,0,0,0,0,0,0,0,0,0,0,0,0,2,0,2,0,0,0,1,0,2,1,1,0
BNB|BTC|EGLD,0,0,1,1,0,0,0,1,0,0,0,1,1,0,0,0,0,0,2,0,0,1,1,0
TRX|USDC|XRP,0,0,0,0,2,1,0,0,0,0,3,0,1,0,0,0,0,1,0,0,0,1,0,0
BTC|BUSD|RUB,0,0,0,0,0,0,2,1,2,0,1,0,0,0,0,0,0,0,0,1,0,2,0,0
BUSD|REEF|USDT,0,0,1,1,0,1,0,0,2,0,0,1,0,0,0,1,0,0,0,0,1,1,0,0
BNB|BTC|SOL,0,0,0,1,0,0,3,0,0,0,1,0,0,0,0,1,0,0,0,1,1,1,0,0
BCH|USDC|USDT,0,0,0,1,0,3,0,0,0,0,0,0,0,2,2,0,0,0,0,0,1,0,0,0
BNB|USDT|XLM,0,0,0,0,0,0,0,0,0,0,1,0,0,0,3,0,1,0,1,1,0,1,1,0
BUSD|TRX|WIN,0,1,1,0,0,0,0,0,1,0,0,0,1,1,1,1,0,0,0,0,1,0,0,1
BTC|FIL|USDT,1,0,2,1,0,0,0,1,2,1,0,0,0,0,0,1,0,0,0,0,0,0,0,0
BUSD|ENJ|USDT,2,0,0,0,0,0,0,0,1,0,1,0,1,1,0,1,0,0,1,0,1,0,0,0
ETH|USDT|WTC,1,0,0,0,0,0,1,0,1,1,0,1,1,2,0,0,0,0,0,0,0,0,1,0
BUSD|ICX|USDT,0,0,0,0,0,0,0,1,2,0,2,1,0,0,0,0,1,0,0,0,0,2,0,0
BCH|BNB|USDC,0,0,0,1,0,2,0,0,0,0,0,0,1,2,1,0,0,0,2,0,0,0,0,0
BTT|TRX|TUSD,0,0,3,1,0,0,1,1,0,0,0,0,0,1,0,0,0,1,0,0,0,0,0,1
BNB|BTC|INJ,0,0,0,0,0,0,1,0,2,0,0,1,0,0,0,1,0,1,0,0,1,1,0,1
BTC|BUSD|ICX,0,0,0,0,0,0,0,1,1,0,2,2,0,0,0,0,0,1,0,0,1,0,0,0
ETH|TRX|TUSD,0,0,0,0,1,0,0,0,0,0,1,0,1,1,0,1,1,0,0,0,0,1,1,0
ALGO|BTC|USDT,1,0,0,0,1,1,0,0,0,0,0,0,0,0,0,0,1,1,0,0,0,1,1,1
ALGO|BNB|BTC,0,2,0,1,0,1,0,0,0,1,0,1,0,0,0,0,0,0,0,1,0,0,1,0
BTC|BUSD|FIL,0,0,0,1,0,1,0,0,2,0,0,0,1,0,0,0,1,0,0,0,1,0,0,1
BNB|TRX|USDC,0,2,0,0,0,1,0,0,0,0,4,0,0,1,0,0,0,0,0,0,0,0,0,0
BNB|TRX|TUSD,0,0,2,0,0,0,2,0,0,0,1,0,0,0,0,0,0,2,0,0,0,0,0,1
BUSD|TOMO|USDT,0,0,1,0,0,0,3,0,0,0,0,0,2,0,0,0,0,0,0,0,0,0,1,1
BAL|BUSD|USDT,0,0,1,0,0,0,0,0,1,0,0,0,0,0,0,1,1,0,0,2,0,1,0,1
BNB|BUSD|SRM,0,0,1,0,0,1,0,0,0,1,0,1,0,0,0,1,1,0,0,0,0,2,0,0
BNB|LTC|USDC,0,0,0,0,1,0,0,1,0,0,2,0,2,1,0,0,0,0,0,0,1,0,0,0
BUSD|ENJ|EUR,1,0,0,0,0,0,1,0,0,0,0,0,1,1,0,0,0,0,0,0,2,1,1,0
BUSD|ETH|ICX,0,0,0,0,0,1,0,1,1,1,1,0,0,0,0,0,2,0,0,0,0,1,0,0
BCH|BTC|USDC,0,0,0,0,0,2,0,0,0,0,0,0,1,2,2,0,0,0,0,0,1,0,0,0
ETH|USDT|XMR,1,0,0,0,0,0,0,0,0,0,0,1,0,0,1,0,1,1,0,1,1,0,0,1
BCH|BUSD|USDC,0,0,0,1,0,4,0,0,0,0,0,0,0,2,1,0,0,0,0,0,0,0,0,0
EGLD|EUR|USDT,0,0,0,0,0,0,0,0,0,0,0,0,0,0,0,0,0,0,0,1,1,5,1,0
BTC|ICP|USDT,0,1,0,1,0,0,0,2,0,2,0,0,0,0,0,0,0,0,0,0,0,1,1,0
ETH|USDT|XEM,0,0,0,0,0,0,1,1,1,0,1,0,0,0,0,1,0,0,1,1,0,1,0,0
BNB|BUSD|ONE,0,0,1,1,0,0,0,0,0,0,2,0,1,0,0,1,0,0,0,0,0,2,0,0
BTC|INJ|USDT,0,0,1,0,0,0,0,1,0,1,1,0,0,0,1,0,0,0,0,0,0,3,0,0
BTC|QTUM|USDT,1,0,0,0,0,0,0,2,0,0,0,2,0,0,1,0,1,0,0,0,0,1,0,0
ETH|RUB|XRP,0,0,0,1,0,0,2,0,1,1,1,1,0,0,0,0,0,0,0,0,0,1,0,0
BNB|DASH|ETH,0,0,0,0,1,0,0,1,0,0,1,0,0,0,0,0,0,2,1,0,0,1,0,1
BTC|UMA|USDT,0,0,0,0,0,1,1,1,0,0,0,1,0,0,1,0,0,0,1,0,1,1,0,0
AAVE|BNB|ETH,0,0,0,0,0,0,1,1,1,1,0,1,0,0,0,0,0,0,0,0,1,0,0,1
BUSD|ONT|USDT,0,0,0,0,0,0,0,2,0,0,0,0,0,0,2,1,0,1,1,0,0,0,0,0
EUR|LUNA|USDT,0,0,0,0,0,0,0,0,0,0,0,0,0,0,0,1,0,0,1,0,1,1,2,1
BTC|BUSD|DAI,2,0,0,0,0,2,0,0,0,0,0,0,0,0,0,0,0,0,0,1,0,1,1,0
AAVE|BNB|BTC,0,0,0,0,0,0,0,1,1,0,0,0,1,1,0,1,0,0,1,0,0,0,1,0
ANT|BTC|USDT,2,0,2,0,0,0,1,0,0,0,0,0,0,0,0,0,0,0,0,1,0,0,0,1
BUSD|RSR|USDT,0,0,1,0,0,0,0,0,0,0,0,1,0,1,2,0,0,1,1,0,0,0,0,0
BUSD|ONE|USDT,0,0,0,2,0,0,0,0,0,0,0,1,0,0,0,0,1,0,2,0,0,1,0,0
ALPHA|BTC|USDT,0,0,0,1,0,0,0,0,0,0,0,0,0,0,0,0,1,1,1,1,2,0,0,0
BNB|BUSD|DOT,0,1,0,1,0,0,1,0,0,1,1,0,0,0,0,0,0,0,0,1,0,1,0,0
BNB|ETH|IOST,0,2,0,0,0,1,0,0,1,1,1,1,0,0,0,0,0,0,0,0,0,0,0,0
BNB|ETH|XMR,0,0,0,0,0,0,0,0,0,0,2,0,0,0,0,0,0,2,1,1,1,0,0,0
BTC|HNT|USDT,0,0,1,0,0,0,1,0,0,1,0,0,1,0,0,0,0,1,0,0,1,0,0,1
BRL|BUSD|USDT,0,0,0,0,0,0,0,0,0,0,1,1,2,1,0,0,0,0,1,0,0,1,0,0
BTC|SXP|TRY,0,0,0,0,0,0,0,2,0,0,1,1,0,0,0,0,0,0,1,1,1,0,0,0
BUSD|DOT|USDT,0,0,0,0,0,1,1,0,0,0,0,0,0,0,0,1,0,0,1,1,0,2,0,0
BTC|EUR|GRT,0,0,0,0,0,0,0,0,0,0,0,0,0,0,0,0,0,0,2,0,1,2,1,1
ATOM|BNB|BUSD,0,1,0,2,0,0,0,0,0,0,1,0,0,0,0,0,1,0,1,0,1,0,0,0
BTC|TUSD|USDT,0,0,0,0,0,0,1,0,1,0,0,0,0,1,1,0,0,0,1,0,0,0,1,1
ETH|TRX|USDC,0,0,0,0,0,1,0,0,0,1,4,0,0,0,0,0,1,0,0,0,0,0,0,0
ETH|USDT|VET,0,0,0,1,0,0,1,0,0,0,0,1,0,0,1,0,1,0,0,0,0,1,1,0
TRX|TUSD|XRP,0,0,1,1,0,0,0,2,0,0,0,0,1,0,0,0,1,1,0,0,0,0,0,0
USDC|USDT|XRP,0,0,0,0,0,0,0,0,0,0,0,0,1,0,2,0,0,0,1,0,0,1,1,0
BTC|USDT|XVS,0,1,0,1,0,1,0,0,0,1,0,0,0,0,1,0,0,0,0,0,0,0,0,1
BNB|BUSD|MATIC,0,0,0,1,0,0,0,0,0,0,2,0,0,0,0,2,0,0,0,0,0,1,0,0
BTC|MANA|USDT,0,0,0,1,0,0,0,0,0,1,1,0,1,0,0,1,0,0,1,0,0,0,0,0
BTC|LTC|USDC,0,1,0,0,0,0,0,0,0,0,1,0,0,0,0,1,1,0,0,0,1,1,0,0
LTC|USDC|USDT,0,0,0,0,1,0,0,0,1,0,1,0,0,0,1,1,0,0,0,0,1,0,0,0
ETH|USDT|WAVES,0,0,0,0,0,0,0,0,1,0,2,0,0,0,0,0,2,0,0,0,0,0,1,0
ETH|TRY|XRP,1,0,0,0,0,0,0,0,0,0,1,0,0,0,0,1,1,0,0,0,1,0,0,1
AUD|BNB|USDT,1,0,0,1,0,0,0,0,0,1,0,1,1,0,0,1,0,0,0,0,0,0,0,0
AUD|BNB|XRP,0,1,0,1,0,1,2,0,0,0,0,1,0,0,0,0,0,0,0,0,0,0,0,0
AUD|BTC|USDT,0,0,5,0,0,0,0,1,0,0,0,0,0,0,0,0,0,0,0,0,0,0,0,0
AVAX|BUSD|EUR,0,0,0,0,0,0,0,0,0,1,0,0,2,0,0,0,0,1,0,1,0,0,1,0
AVAX|BUSD|USDT,0,0,0,0,0,0,0,0,0,1,0,0,0,0,0,2,1,1,0,1,0,0,0,0
AXS|BTC|BUSD,0,0,1,0,0,1,0,0,1,0,0,0,0,0,0,1,0,0,0,0,1,0,1,0
BAT|BNB|BUSD,1,0,0,0,0,0,0,1,0,0,2,0,0,0,0,0,1,0,0,0,0,0,0,1
BAT|BUSD|USDT,0,0,0,2,0,0,1,0,0,0,0,1,1,0,0,0,1,0,0,0,0,0,0,0
BIDR|ETH|USDT,0,0,0,0,0,1,0,0,1,1,0,0,1,1,0,0,0,0,0,1,0,0,0,0
BUSD|TRY|XRP,0,0,0,0,0,2,2,0,0,0,1,0,0,1,0,0,0,0,0,0,0,0,0,0
BUSD|TRY|USDT,0,0,0,0,0,1,0,1,0,0,2,1,0,0,0,0,0,0,0,0,0,0,0,1
BNB|BTC|XMR,1,0,0,0,0,0,0,0,0,0,3,1,0,1,0,0,0,0,0,0,0,0,0,0
BNB|BTT|BUSD,0,0,0,0,0,1,0,0,0,1,4,0,0,0,0,0,0,0,0,0,0,0,0,0
BNB|BTT|TRX,0,0,0,0,0,1,0,0,0,0,0,0,1,0,0,0,0,1,2,0,0,0,1,0
BTC|EGLD|EUR,0,0,0,0,0,0,0,0,0,0,0,0,0,0,0,0,0,0,1,0,2,2,0,1
BUSD|RUB|XRP,0,0,0,0,0,0,2,0,1,0,1,1,0,0,0,0,0,0,1,0,0,0,0,0
BNB|BUSD|EUR,0,0,0,0,0,1,1,0,1,0,1,0,0,0,0,1,0,0,0,0,1,0,0,0
BNB|BUSD|INJ,0,0,0,0,0,0,0,0,1,0,0,0,0,1,1,0,1,0,0,0,1,0,0,1
BUSD|NEO|USDT,0,0,1,0,0,0,0,1,0,0,0,0,1,0,0,0,0,1,0,1,0,1,0,0
BNB|BUSD|SUSHI,2,0,0,0,0,0,0,0,0,1,0,0,0,1,0,1,0,0,1,0,0,0,0,0
BNB|EGLD|USDT,1,0,0,0,1,0,0,1,0,0,0,0,0,0,0,1,1,0,0,0,0,0,1,0
BNB|ETH|EUR,0,0,0,0,0,0,2,0,1,0,0,0,0,1,0,0,1,0,0,0,1,0,0,0
BNB|ETH|ZEC,0,0,0,0,0,0,0,0,0,0,0,1,0,0,0,0,1,0,0,0,3,0,0,1
BNB|EUR|SXP,0,0,0,2,0,0,0,0,0,0,0,0,2,2,0,0,0,0,0,0,0,0,0,0
BNB|PAX|XRP,1,0,0,0,0,0,0,1,0,0,0,1,0,0,1,1,0,0,0,0,0,1,0,0
BNB|RUB|USDT,0,0,0,0,0,0,0,0,0,0,1,1,0,0,0,1,0,0,0,1,0,0,2,0
BUSD|CRV|USDT,0,0,0,0,0,0,0,0,1,0,0,0,0,0,1,0,1,1,0,1,1,0,0,0
BTC|SOL|TRY,0,0,0,0,0,0,1,0,0,0,0,0,1,0,1,1,0,0,1,0,1,0,0,0
BTS|ETH|USDT,1,0,0,0,0,0,0,0,0,1,1,0,0,1,2,0,0,0,0,0,0,0,0,0
BTC|STORJ|USDT,0,0,0,0,0,2,0,0,1,0,0,0,0,1,0,0,0,1,0,1,0,0,0,0
BRL|BTC|ETH,0,0,0,1,0,0,0,0,0,0,0,0,1,1,0,0,1,0,0,2,0,0,0,0
BTC|BUSD|KNC,0,0,0,1,0,1,0,1,1,0,1,0,0,0,1,0,0,0,0,0,0,0,0,0
BTC|MATIC|TRY,0,0,0,0,1,0,0,0,0,0,0,0,0,0,0,1,0,1,1,0,0,1,0,0
BTC|EUR|USDT,0,0,0,0,0,0,1,0,0,2,2,0,0,0,0,0,0,0,0,0,0,0,0,0
BUSD|ETH|OMG,1,0,0,0,0,0,0,0,0,0,0,0,1,1,0,0,1,0,0,0,0,1,0,0
BNB|BUSD|ZEC,0,0,1,0,0,0,0,0,0,0,3,0,0,0,0,1,0,0,0,0,0,0,0,0
AAVE|BTC|ETH,1,0,0,0,0,0,2,0,0,0,0,0,0,0,1,0,0,0,0,0,1,0,0,0
BNB|BUSD|TRY,0,0,0,0,0,0,2,0,0,0,1,0,0,1,0,0,0,0,0,0,0,0,1,0
BNB|BUSD|TRX,0,0,0,0,0,0,0,0,0,0,5,0,0,0,0,0,0,0,0,0,0,0,0,0
BNB|BUSD|SXP,0,0,1,0,0,0,0,1,1,0,0,0,0,0,1,0,0,0,0,0,0,1,0,0
BTC|BUSD|MANA,0,0,0,0,0,0,0,0,0,0,0,0,0,0,0,1,0,0,1,1,0,0,0,2
BTC|BUSD|LUNA,0,0,0,0,0,0,0,0,0,0,0,0,0,0,0,0,0,0,0,0,0,0,5,0
SOL|TRY|USDT,0,0,0,0,0,0,0,0,0,0,0,0,1,0,1,1,0,0,1,0,1,0,0,0
BUSD|KNC|USDT,0,0,0,1,0,1,0,1,0,0,1,0,0,0,0,0,0,0,1,0,0,0,0,0
BNB|BUSD|RVN,0,0,0,0,0,0,1,0,0,0,1,0,0,1,0,1,0,0,0,1,0,0,0,0
BUSD|NEAR|USDT,1,0,1,0,0,0,0,1,1,0,0,0,0,0,0,0,0,0,0,0,1,0,0,0
EUR|TRX|WIN,0,0,0,0,1,0,0,0,0,0,1,1,0,0,0,0,0,1,0,1,0,0,0,0
BNB|BUSD|IOST,0,0,0,0,1,0,2,0,0,0,0,0,1,0,0,0,1,0,0,0,0,0,0,0
ALGO|BNB|BUSD,0,0,0,0,0,0,0,0,0,1,3,0,0,0,1,0,0,0,0,0,0,0,0,0
BTC|BUSD|FTM,0,1,0,0,0,0,0,0,1,1,0,0,0,0,0,0,0,0,0,0,0,2,0,0
BNB|BUSD|ETH,0,0,0,0,0,0,0,0,0,0,2,0,0,0,0,0,1,1,0,0,1,0,0,0
BTC|BUSD|DOT,0,0,0,0,0,1,0,0,0,0,0,0,0,0,0,1,0,0,1,1,0,1,0,0
BNB|BUSD|ETC,0,0,0,0,0,0,0,0,0,0,2,0,0,0,0,0,1,1,0,1,0,0,0,0
ETH|USDC|XRP,0,0,0,0,0,0,0,0,0,0,0,0,1,1,1,0,0,0,1,1,0,0,0,0
BTC|ETH|TUSD,0,0,1,0,0,0,1,0,1,0,0,0,0,1,0,0,0,0,0,0,0,0,1,0
DASH|ETH|USDT,0,0,0,0,0,0,0,0,0,0,0,0,1,0,0,1,1,0,1,1,0,0,0,0
AUD|BNB|BTC,0,0,0,0,0,0,0,0,0,3,0,1,0,0,0,0,0,0,0,0,0,0,0,1
BTC|IDEX|USDT,1,0,0,0,0,0,0,0,0,0,1,0,1,0,1,0,0,0,0,0,1,0,0,0
BNB|RVN|USDT,1,0,0,0,0,1,0,0,1,0,0,0,0,0,0,1,0,0,0,1,0,0,0,0
AUD|BTC|DOGE,0,0,0,0,0,0,1,0,0,0,0,0,1,1,0,0,0,1,0,0,1,0,0,0
BEL|BTC|USDT,0,1,0,0,0,0,0,0,0,0,0,0,0,1,1,0,1,0,0,0,0,0,1,0
BUSD|DAI|USDT,1,0,0,0,0,3,0,0,0,0,0,0,0,0,0,0,0,0,0,0,0,0,1,0
BUSD|COMP|USDT,0,2,0,0,0,0,0,1,0,0,0,0,0,0,0,0,0,1,1,0,0,0,0,0
BRL|BUSD|DOT,0,0,0,1,0,1,0,0,0,0,0,0,0,0,0,1,1,0,0,0,0,1,0,0
BCH|BNB|USDT,0,0,0,1,0,1,0,0,0,0,1,0,0,0,0,0,0,0,0,0,0,2,0,0
AUD|USDT|XRP,0,0,0,0,0,0,3,1,0,0,1,0,0,0,0,0,0,0,0,0,0,0,0,0
ETH|EUR|USDT,0,0,0,0,0,0,0,0,0,1,1,0,0,0,0,0,0,0,0,0,1,2,0,0
AVAX|BNB|BUSD,0,0,0,0,0,0,0,0,0,0,1,0,0,0,1,0,2,0,0,0,1,0,0,0
BNB|USDC|ZEC,2,0,0,0,0,0,0,0,0,0,0,1,0,0,0,0,1,0,0,0,0,0,0,1
BRL|BTC|USDT,0,0,0,0,0,0,1,0,0,0,0,0,0,1,0,0,0,0,0,2,0,0,1,0
BTC|BUSD|TOMO,1,1,0,1,0,0,0,0,0,0,0,0,0,0,1,1,0,0,0,0,0,0,0,0
ETH|LTC|USDC,1,0,0,0,0,0,0,0,2,0,0,0,0,0,0,2,0,0,0,0,0,0,0,0
BTC|BUSD|TRY,0,0,0,0,0,0,1,1,0,0,2,1,0,0,0,0,0,0,0,0,0,0,0,0
BAL|BTC|USDT,0,0,0,0,0,0,0,1,0,0,0,0,0,0,0,0,0,0,1,0,0,1,1,1
AXS|BUSD|USDT,0,0,0,0,0,0,0,0,1,0,0,0,1,0,1,0,1,0,0,1,0,0,0,0
BUSD|ETH|RUB,0,0,0,0,0,0,2,0,1,0,1,0,1,0,0,0,0,0,0,0,0,0,0,0
BRL|BTC|BUSD,0,0,0,0,0,0,0,0,0,0,2,0,1,0,0,0,0,1,0,0,0,0,0,0
BNB|USDT|XMR,0,0,0,0,0,0,0,1,0,1,1,1,0,0,0,0,0,0,0,0,0,0,0,0
AVAX|BNB|USDT,0,0,1,1,1,0,0,0,0,0,0,0,0,1,0,0,0,0,0,0,0,0,0,0
BTC|USDT|XTZ,0,0,0,0,0,0,0,0,0,0,0,0,0,0,0,0,0,0,0,2,1,1,0,0
BAT|BUSD|ETH,0,0,0,1,0,0,0,0,0,0,1,0,0,0,1,0,0,0,0,0,0,1,0,0
BTC|OXT|USDT,0,0,0,0,1,0,0,0,0,0,0,0,0,0,0,1,0,1,0,1,0,0,0,0
BNB|TRX|USDT,0,0,0,0,0,0,0,0,0,0,0,0,0,0,0,1,3,0,0,0,0,0,0,0
ETH|GBP|LINK,0,0,0,0,0,1,0,0,0,0,0,0,0,0,1,0,0,0,0,0,1,1,0,0
BCH|BNB|BTC,0,0,0,1,0,0,0,0,0,0,1,0,0,0,0,0,0,0,0,0,0,2,0,0
AVAX|BNB|BTC,0,0,1,0,1,0,0,0,0,0,0,0,0,1,0,0,0,1,0,0,0,0,0,0
AUD|BUSD|XRP,0,0,0,0,0,0,2,0,0,1,1,0,0,0,0,0,0,0,0,0,0,0,0,0
AUD|BUSD|ETH,0,1,0,0,0,0,1,0,1,0,0,0,1,0,0,0,0,0,0,0,0,0,0,0
EOS|EUR|USDT,0,0,0,0,0,0,2,0,0,0,0,0,0,0,0,0,0,0,0,1,0,0,1,0
BNB|SUSHI|USDT,1,0,0,0,0,0,0,0,0,0,0,0,0,0,0,1,0,0,1,1,0,0,0,0
BCH|BTC|BUSD,0,0,1,0,0,1,0,1,0,0,0,0,1,0,0,0,0,0,0,0,0,0,0,0
BCH|BUSD|EUR,1,0,0,0,0,0,0,0,0,0,1,0,0,0,0,0,0,0,0,0,0,0,1,1
AUD|BTC|XRP,0,1,0,0,0,0,2,1,0,0,0,0,0,0,0,0,0,0,0,0,0,0,0,0
BCH|BUSD|USDT,0,0,1,0,0,0,0,1,0,0,0,0,1,0,0,0,0,0,0,0,0,1,0,0
AUD|BTC|ETH,0,1,0,0,0,0,0,0,2,0,0,0,0,0,0,0,0,0,0,0,0,1,0,0
BRL|DOT|USDT,0,0,0,1,0,1,0,0,0,0,0,0,0,0,0,1,1,0,0,0,0,0,0,0
ATOM|BUSD|USDT,0,0,0,3,0,0,0,0,0,0,1,0,0,0,0,0,0,0,0,0,0,0,0,0
BNB|RUB|XRP,0,0,0,0,0,0,0,0,1,0,1,0,0,0,1,1,0,0,0,0,0,0,0,0
ETH|TUSD|USDT,0,0,0,0,0,0,0,0,0,0,0,0,0,1,0,0,0,0,1,0,0,1,1,0
BUSD|USDT|VET,0,0,1,0,0,0,0,0,0,0,0,0,1,0,0,2,0,0,0,0,0,0,0,0
BNB|PAX|TRX,0,0,0,1,0,0,0,0,0,0,0,0,0,0,0,0,3,0,0,0,0,0,0,0
BNB|BRL|XRP,0,0,0,1,0,0,0,0,0,1,0,0,1,0,0,0,0,0,1,0,0,0,0,0
BNB|BTC|SUSHI,1,0,0,0,0,0,0,0,0,0,0,0,0,0,0,0,0,0,1,0,1,0,0,1
BUSD|SXP|USDT,1,0,0,0,0,0,0,0,0,0,0,0,0,0,0,0,0,0,0,0,2,1,0,0
BUSD|SXP|TRY,0,0,0,0,0,1,0,1,0,0,0,1,0,0,1,0,0,0,0,0,0,0,0,0
BUSD|SNX|USDT,0,0,0,0,0,0,1,0,0,0,0,0,0,0,0,0,0,0,0,0,1,0,2,0
BTC|BUSD|SUSHI,0,0,1,1,0,0,0,0,0,1,0,0,1,0,0,0,0,0,0,0,0,0,0,0
AAVE|BNB|BUSD,0,0,0,0,0,0,0,0,1,0,0,0,1,0,0,0,0,1,1,0,0,0,0,0
ALGO|BUSD|USDT,0,0,0,0,0,0,0,0,1,0,0,0,0,0,0,0,0,1,0,0,0,0,1,1
BTC|KSM|USDT,1,0,0,0,0,0,0,0,0,0,0,0,0,0,0,1,0,0,0,0,1,0,1,0
BUSD|QTUM|USDT,0,1,0,0,0,0,0,0,0,0,1,0,0,1,0,0,0,0,0,0,0,0,1,0
BTC|BUSD|GRT,0,0,1,0,0,0,0,0,0,0,0,0,0,1,0,1,0,0,0,0,0,0,1,0
BNB|BUSD|LTC,0,0,0,0,1,0,0,0,0,0,2,0,1,0,0,0,0,0,0,0,0,0,0,0
BUSD|EOS|EUR,0,0,0,0,0,0,2,0,0,0,0,0,0,0,0,0,0,0,0,1,0,0,1,0
BNB|BUSD|LUNA,0,0,0,0,2,0,0,0,0,0,0,0,0,0,0,0,0,0,0,0,1,0,1,0
BTC|BUSD|ICP,0,0,0,0,1,0,0,0,1,0,0,0,0,0,0,0,0,0,0,1,0,0,1,0
BUSD|MATIC|TRY,0,0,0,0,1,0,1,0,0,0,0,0,0,0,0,0,0,1,1,0,0,0,0,0
BNB|BUSD|NEO,0,0,0,0,0,0,0,0,0,0,4,0,0,0,0,0,0,0,0,0,0,0,0,0
HOT|TRY|USDT,0,0,0,2,0,0,2,0,0,0,0,0,0,0,0,0,0,0,0,0,0,0,0,0
MATIC|TRY|USDT,0,0,0,0,1,0,1,0,0,0,0,0,0,0,0,0,0,1,1,0,0,0,0,0
SXP|TRY|USDT,0,0,0,0,0,0,0,1,2,0,1,0,0,0,0,0,0,0,0,0,0,0,0,0
ADA|BNB|BUSD,0,0,0,0,0,0,0,0,0,0,3,0,0,0,1,0,0,0,0,0,0,0,0,0
AAVE|ETH|USDT,1,0,0,0,0,1,0,0,0,0,0,0,0,0,1,0,0,0,0,0,0,0,0,1
BNB|BUSD|XLM,0,0,0,0,0,0,0,0,0,0,2,0,0,0,0,0,0,0,0,0,1,0,0,1
BUSD|FIL|USDT,0,0,0,1,0,0,0,1,1,0,0,0,0,0,0,0,1,0,0,0,0,0,0,0
BNB|BUSD|XMR,0,0,0,0,0,0,0,0,0,0,4,0,0,0,0,0,0,0,0,0,0,0,0,0
BUSD|EUR|XRP,0,0,0,0,0,0,0,1,1,0,1,0,0,0,0,0,1,0,0,0,0,0,0,0
BNB|ETH|RUB,0,0,0,0,0,0,0,0,0,1,2,0,0,0,0,0,0,0,0,0,0,0,1,0
BTC|ENJ|EUR,1,0,0,0,0,0,1,0,0,0,0,0,0,0,0,0,0,0,0,0,0,1,0,1
BNB|CHZ|TRY,0,0,0,0,0,0,0,0,1,0,0,1,0,0,0,2,0,0,0,0,0,0,0,0
BNB|DOT|USDT,1,1,0,1,0,0,0,0,0,1,0,0,0,0,0,0,0,0,0,0,0,0,0,0
BNB|ENJ|EUR,1,0,0,0,0,0,0,0,0,0,0,0,0,1,0,0,0,0,0,0,1,0,0,1
BUSD|ETH|WAVES,0,0,0,1,0,0,0,1,0,1,0,0,0,0,0,0,0,0,0,0,0,0,0,1
BUSD|ETH|TRY,1,0,1,0,0,0,2,0,0,0,0,0,0,0,0,0,0,0,0,0,0,0,0,0
1INCH|BUSD|USDT,0,0,0,1,1,0,0,0,0,0,0,0,0,0,0,0,0,0,0,0,1,0,1,0
BNB|EGLD|EUR,0,0,0,0,0,0,0,0,0,0,0,0,0,0,0,0,0,0,2,0,1,1,0,0
BUSD|ETH|QTUM,0,0,0,0,0,0,0,0,0,0,0,0,2,0,2,0,0,0,0,0,0,0,0,0
BNB|BUSD|CELR,0,0,0,0,0,0,0,1,0,0,0,0,0,0,1,0,0,0,0,0,0,1,0,0
1INCH|BTC|BUSD,0,0,0,0,1,0,0,0,0,0,0,0,0,0,0,0,0,0,0,1,1,0,0,0
ADA|AUD|BTC,0,0,0,1,0,0,2,0,0,0,0,0,0,0,0,0,0,0,0,0,0,0,0,0
BTC|BUSD|SNX,0,0,0,0,1,0,0,1,0,0,0,0,0,0,0,0,0,1,0,0,0,0,0,0
BTC|BUSD|NEAR,0,0,0,0,0,0,0,0,0,0,0,0,0,0,0,0,1,0,1,0,1,0,0,0
ADA|BRL|BUSD,0,0,0,0,0,0,3,0,0,0,0,0,0,0,0,0,0,0,0,0,0,0,0,0
ADA|BRL|USDT,0,0,0,0,0,0,3,0,0,0,0,0,0,0,0,0,0,0,0,0,0,0,0,0
ADA|BTC|GBP,0,0,0,0,0,0,3,0,0,0,0,0,0,0,0,0,0,0,0,0,0,0,0,0
BTC|BUSD|SXP,0,0,0,0,0,0,0,0,0,1,0,0,0,0,0,1,0,0,1,0,0,0,0,0
ADA|BUSD|GBP,0,0,0,0,0,0,3,0,0,0,0,0,0,0,0,0,0,0,0,0,0,0,0,0
ADA|BUSD|TRY,0,0,0,0,0,0,3,0,0,0,0,0,0,0,0,0,0,0,0,0,0,0,0,0
ADA|ETH|GBP,1,0,0,0,0,0,2,0,0,0,0,0,0,0,0,0,0,0,0,0,0,0,0,0
ADA|GBP|USDT,0,0,0,0,0,0,3,0,0,0,0,0,0,0,0,0,0,0,0,0,0,0,0,0
ETH|USDT|ZEC,1,1,0,0,0,0,0,0,0,0,0,0,0,0,0,0,0,0,1,0,0,0,0,0
ADA|TRY|USDT,0,0,0,0,0,0,3,0,0,0,0,0,0,0,0,0,0,0,0,0,0,0,0,0
ALGO|BNB|USDT,0,0,0,0,0,0,1,0,0,0,0,0,0,0,0,0,0,0,0,1,0,0,0,1
BNB|BUSD|ZIL,0,1,0,0,0,0,0,0,0,0,0,0,0,0,0,0,0,1,0,0,0,0,1,0
ALGO|BTC|BUSD,0,0,1,1,0,0,0,0,0,0,0,0,0,0,0,0,0,0,0,0,0,0,1,0
ALICE|BUSD|USDT,0,0,1,0,0,0,0,0,0,0,0,0,0,0,0,0,0,1,0,0,0,0,0,1
BUSD|ETH|LINK,0,0,0,0,0,0,0,0,0,1,0,0,0,0,0,1,1,0,0,0,0,0,0,0
BUSD|EUR|XLM,0,0,0,0,0,0,1,0,0,0,0,0,0,0,0,0,0,0,0,0,0,1,1,0
ATOM|BNB|BTC,1,0,0,0,0,0,0,0,0,0,0,0,0,1,0,0,0,0,1,0,0,0,0,0
ATOM|BNB|USDT,1,0,0,0,0,0,0,0,0,0,0,0,0,0,0,0,0,0,1,0,0,0,0,1
BUSD|ETH|IOST,0,0,0,0,1,0,0,0,0,0,0,0,0,1,0,0,0,0,0,0,1,0,0,0
BRL|LINK|USDT,0,0,0,0,0,0,1,0,0,0,0,0,0,0,0,0,0,0,0,1,1,0,0,0
AUD|BNB|BUSD,0,0,1,0,0,0,0,0,0,1,0,1,0,0,0,0,0,0,0,0,0,0,0,0
BTC|IOTA|USDT,0,0,0,0,0,0,0,0,0,1,0,2,0,0,0,0,0,0,0,0,0,0,0,0
BRL|BUSD|LINK,0,0,0,0,0,0,2,0,0,0,0,0,0,0,0,0,0,0,0,1,0,0,0,0
ETH|ONT|USDT,0,0,0,0,0,0,0,0,0,0,0,1,0,0,0,0,0,0,0,0,0,2,0,0
AUD|BUSD|USDT,0,0,3,0,0,0,0,0,0,0,0,0,0,0,0,0,0,0,0,0,0,0,0,0
BUSD|GRT|USDT,0,0,0,1,0,0,0,0,0,0,0,0,0,1,0,1,0,0,0,0,0,0,0,0
BRL|BUSD|DOGE,0,0,0,0,0,0,2,0,0,0,0,0,0,0,0,0,0,0,1,0,0,0,0,0
AUD|DOGE|USDT,0,1,0,0,0,0,1,0,0,0,0,0,0,0,0,0,0,0,0,0,0,1,0,0
BUSD|HOT|TRY,0,0,0,0,0,0,1,0,1,0,0,0,0,0,0,0,0,1,0,0,0,0,0,0
AUD|ETH|USDT,0,0,1,0,0,0,1,0,1,0,0,0,0,0,0,0,0,0,0,0,0,0,0,0
BTC|USDT|XLM,0,1,0,0,0,0,0,0,0,0,1,0,0,0,0,0,0,0,0,0,0,0,0,1
BUSD|ETH|GRT,0,0,0,1,0,0,0,0,0,0,0,0,0,1,0,0,0,0,0,0,0,0,1,0
BTC|USDT|XRP,0,0,0,0,0,0,0,0,0,0,0,0,0,2,1,0,0,0,0,0,0,0,0,0
BRL|BTC|LINK,0,0,0,0,0,0,0,0,0,0,0,0,0,0,0,0,0,0,0,1,2,0,0,0
AVAX|BTC|BUSD,0,1,0,0,0,0,0,0,0,0,0,1,0,0,0,0,0,0,0,1,0,0,0,0
BUSD|ETH|EUR,0,1,0,0,0,0,0,0,0,0,2,0,0,0,0,0,0,0,0,0,0,0,0,0
BTC|SRM|USDT,0,0,0,0,0,0,0,0,0,2,0,0,1,0,0,0,0,0,0,0,0,0,0,0
BTT|BUSD|TRX,0,0,1,0,0,0,0,0,0,0,0,0,0,1,0,0,1,0,0,0,0,0,0,0
BAT|BTC|BUSD,0,0,0,2,0,0,0,0,0,0,1,0,0,0,0,0,0,0,0,0,0,0,0,0
BUSD|LINK|USDT,0,0,0,0,1,0,0,0,0,0,0,0,0,0,0,0,2,0,0,0,0,0,0,0
ETH|EUR|XRP,0,0,0,0,0,0,0,1,0,0,1,0,0,0,0,0,0,0,0,0,1,0,0,0
BNB|SOL|TRY,0,0,0,0,0,0,0,0,0,0,0,0,1,0,1,1,0,0,0,0,0,0,0,0
ENJ|ETH|EUR,1,0,0,0,0,0,1,0,0,0,0,0,0,1,0,0,0,0,0,0,0,0,0,0
BUSD|DASH|USDT,0,0,1,1,0,0,0,1,0,0,0,0,0,0,0,0,0,0,0,0,0,0,0,0
BNB|RVN|TRY,0,0,1,0,0,0,0,0,0,0,0,0,0,0,0,1,0,0,0,1,0,0,0,0
BUSD|MANA|USDT,0,1,0,0,0,0,0,0,0,0,0,0,0,0,1,0,0,0,1,0,0,0,0,0
BUSD|USDT|ZEC,0,0,2,0,0,0,0,0,0,0,1,0,0,0,0,0,0,0,0,0,0,0,0,0
BUSD|MATIC|USDT,0,0,0,0,0,0,0,0,0,0,0,0,0,0,0,0,1,1,1,0,0,0,0,0
BNB|BUSD|NEAR,0,0,0,0,1,1,0,0,0,0,0,0,0,1,0,0,0,0,0,0,0,0,0,0
BUSD|USDT|XMR,0,0,1,0,0,0,1,0,0,0,1,0,0,0,0,0,0,0,0,0,0,0,0,0
BUSD|USDT|XLM,0,0,0,0,1,0,0,1,0,0,1,0,0,0,0,0,0,0,0,0,0,0,0,0
BUSD|EOS|USDC,0,0,0,0,0,0,0,0,0,0,0,0,0,1,0,0,0,0,0,0,0,2,0,0
BUSD|UNI|USDT,0,0,1,1,0,0,0,0,0,1,0,0,0,0,0,0,0,0,0,0,0,0,0,0
BNB|BTC|BUSD,0,0,0,0,0,0,0,0,0,0,2,0,0,0,0,0,0,0,0,0,0,0,0,1
BUSD|SUSHI|USDT,0,0,1,1,0,0,0,0,0,0,0,0,1,0,0,0,0,0,0,0,0,0,0,0
BUSD|SRM|USDT,0,0,0,0,0,0,0,0,0,0,0,0,0,2,0,0,0,0,0,0,1,0,0,0
BTC|BUSD|WAVES,0,0,1,0,0,0,0,0,0,1,1,0,0,0,0,0,0,0,0,0,0,0,0,0
BUSD|SOL|TRY,0,0,0,0,0,0,0,0,0,0,0,0,1,0,0,0,0,0,1,0,1,0,0,0
BNB|BUSD|DAI,0,0,0,0,0,3,0,0,0,0,0,0,0,0,0,0,0,0,0,0,0,0,0,0
BUSD|RVN|TRY,0,0,0,0,0,1,0,0,0,0,0,1,0,0,1,0,0,0,0,0,0,0,0,0
BNB|BUSD|FTM,0,0,0,0,0,0,0,0,0,0,1,1,0,0,0,0,0,0,1,0,0,0,0,0
BUSD|DASH|ETH,0,0,0,0,0,0,0,0,0,0,0,0,1,1,0,0,0,0,0,0,0,0,0,0
ETC|ETH|USDT,0,0,0,0,0,0,0,0,1,0,0,0,0,1,0,0,0,0,0,0,0,0,0,0
TRY|USDT|XLM,0,0,0,0,0,0,2,0,0,0,0,0,0,0,0,0,0,0,0,0,0,0,0,0
BNB|MATIC|TRY,0,0,0,0,1,0,0,0,0,0,0,0,0,0,0,0,0,0,1,0,0,0,0,0
TRY|USDT|VET,0,0,0,0,0,0,2,0,0,0,0,0,0,0,0,0,0,0,0,0,0,0,0,0
BNB|BUSD|EGLD,0,0,0,0,1,0,0,0,0,0,0,0,0,0,0,1,0,0,0,0,0,0,0,0
AAVE|BUSD|ETH,0,0,0,0,0,0,0,0,0,0,0,0,0,0,1,0,0,1,0,0,0,0,0,0
BUSD|RVN|USDT,0,0,0,0,0,0,0,0,1,0,0,0,0,0,0,0,0,0,0,0,0,1,0,0
BNB|BUSD|HOT,0,0,0,0,0,0,0,0,0,0,0,0,1,0,0,0,0,0,0,0,0,0,1,0
BTC|BUSD|NEO,0,0,0,0,0,0,0,0,0,0,0,0,0,0,0,0,0,1,0,1,0,0,0,0
BUSD|DOT|TRY,0,0,0,0,0,0,2,0,0,0,0,0,0,0,0,0,0,0,0,0,0,0,0,0
BNB|BTT|USDT,0,0,0,0,0,1,0,0,0,0,0,0,0,0,0,0,0,0,1,0,0,0,0,0
BUSD|DOT|EUR,0,0,0,0,0,0,1,0,0,0,0,0,0,0,0,0,0,0,0,0,1,0,0,0
BTC|CELO|USDT,0,0,0,0,0,0,0,1,0,0,0,0,0,0,0,0,0,0,0,1,0,0,0,0
BCH|EUR|USDT,1,0,0,0,0,0,0,0,0,0,0,0,0,0,0,0,0,0,0,0,0,0,1,0
BNB|BUSD|IOTA,0,0,0,0,0,0,0,0,0,0,0,0,0,1,0,0,1,0,0,0,0,0,0,0
BTC|EOS|EUR,0,0,0,0,0,0,1,0,0,0,0,0,0,0,0,0,0,0,0,1,0,0,0,0
ADA|AUD|BUSD,0,0,0,0,0,0,2,0,0,0,0,0,0,0,0,0,0,0,0,0,0,0,0,0
ADA|AUD|USDT,0,0,0,0,0,0,2,0,0,0,0,0,0,0,0,0,0,0,0,0,0,0,0,0
BUSD|ETH|USDT,0,0,0,0,0,0,0,0,0,0,1,0,0,0,0,0,1,0,0,0,0,0,0,0
BTC|BUSD|LTC,0,0,1,0,1,0,0,0,0,0,0,0,0,0,0,0,0,0,0,0,0,0,0,0
ADA|BRL|BTC,0,0,0,0,0,0,2,0,0,0,0,0,0,0,0,0,0,0,0,0,0,0,0,0
ADA|BRL|ETH,0,0,0,0,0,0,2,0,0,0,0,0,0,0,0,0,0,0,0,0,0,0,0,0
BUSD|ETH|XRP,0,0,0,1,0,0,0,1,0,0,0,0,0,0,0,0,0,0,0,0,0,0,0,0
BNB|BTC|NEAR,0,0,0,0,0,0,0,0,0,0,0,0,0,1,0,0,0,0,1,0,0,0,0,0
ADA|BTC|TRY,0,0,0,0,0,0,2,0,0,0,0,0,0,0,0,0,0,0,0,0,0,0,0,0
BUSD|ETH|LTC,0,0,1,0,1,0,0,0,0,0,0,0,0,0,0,0,0,0,0,0,0,0,0,0
BNB|BTC|GBP,0,0,0,0,0,0,0,0,0,0,0,0,1,0,1,0,0,0,0,0,0,0,0,0
GBP|USDT|XRP,0,0,0,0,0,0,2,0,0,0,0,0,0,0,0,0,0,0,0,0,0,0,0,0
BTC|ETH|GBP,0,0,0,0,0,0,0,0,0,0,0,0,0,1,0,0,0,0,0,0,0,1,0,0
BUSD|TRY|VET,0,0,0,0,0,0,2,0,0,0,0,0,0,0,0,0,0,0,0,0,0,0,0,0
GBP|LINK|USDT,0,0,0,0,0,0,0,0,0,0,0,0,0,0,1,0,0,0,0,0,0,1,0,0
EUR|TRX|XRP,0,0,0,0,0,0,0,0,0,0,1,0,1,0,0,0,0,0,0,0,0,0,0,0
BUSD|EOS|TRY,0,0,0,0,0,0,2,0,0,0,0,0,0,0,0,0,0,0,0,0,0,0,0,0
EUR|LINK|USDT,0,0,0,0,0,0,1,0,0,0,0,0,0,0,0,0,1,0,0,0,0,0,0,0
BUSD|EUR|LINK,0,0,0,0,0,0,1,0,0,0,0,0,0,0,0,0,1,0,0,0,0,0,0,0
ETH|USDT|XRP,0,0,0,0,0,0,0,0,0,0,0,0,0,0,1,0,1,0,0,0,0,0,0,0
BTC|BUSD|FTT,0,0,0,0,0,0,0,0,0,0,0,0,0,0,0,1,0,0,0,0,0,0,0,1
ETH|USDT|XLM,0,0,0,0,0,0,0,0,0,0,0,0,0,0,0,0,0,0,0,0,0,1,0,1
BUSD|USDT|WAVES,0,0,0,0,0,0,0,0,0,1,0,0,0,0,0,0,0,1,0,0,0,0,0,0
BNB|BRL|DOT,0,0,0,0,0,1,0,0,0,0,0,0,0,0,0,1,0,0,0,0,0,0,0,0
BNB|BRL|BTC,0,0,0,0,0,0,0,0,0,0,0,0,0,1,0,0,0,1,0,0,0,0,0,0
BUSD|EUR|LUNA,0,0,0,0,0,0,0,0,0,0,0,0,0,0,0,1,0,0,0,0,0,0,1,0
BTC|BUSD|EUR,0,0,0,0,0,0,0,0,0,0,1,0,0,0,0,0,0,1,0,0,0,0,0,0
BTC|BUSD|DASH,0,0,1,1,0,0,0,0,0,0,0,0,0,0,0,0,0,0,0,0,0,0,0,0
ALICE|BTC|BUSD,0,0,1,0,0,0,0,0,0,1,0,0,0,0,0,0,0,0,0,0,0,0,0,0
ARPA|BNB|TRY,0,0,0,0,0,0,0,0,0,0,0,0,0,0,0,0,1,0,1,0,0,0,0,0
BNB|ETH|TRX,0,0,0,0,0,1,0,0,0,0,0,0,0,0,0,1,0,0,0,0,0,0,0,0
ATOM|BTC|BUSD,0,0,0,2,0,0,0,0,0,0,0,0,0,0,0,0,0,0,0,0,0,0,0,0
BRL|ETH|USDT,0,0,0,0,0,0,1,0,0,0,0,0,1,0,0,0,0,0,0,0,0,0,0,0
BNB|BUSD|VET,0,0,0,0,0,0,0,0,0,0,2,0,0,0,0,0,0,0,0,0,0,0,0,0
AUD|BNB|ETH,0,0,0,0,0,0,0,0,0,0,0,1,0,0,0,0,0,0,0,0,1,0,0,0
BNB|BUSD|USDT,0,0,0,0,0,0,0,0,0,0,2,0,0,0,0,0,0,0,0,0,0,0,0,0
BTC|GBP|XRP,0,0,0,0,0,0,2,0,0,0,0,0,0,0,0,0,0,0,0,0,0,0,0,0
BUSD|LUNA|USDT,0,0,0,0,0,0,0,0,0,1,0,0,0,0,0,0,0,0,0,1,0,0,0,0
BUSD|GBP|LINK,0,0,0,0,0,0,0,0,0,0,0,0,0,0,1,0,0,0,0,0,0,1,0,0
BUSD|LTC|USDT,0,0,1,0,0,0,0,0,0,0,1,0,0,0,0,0,0,0,0,0,0,0,0,0
DOGE|EUR|USDT,0,0,0,0,0,0,2,0,0,0,0,0,0,0,0,0,0,0,0,0,0,0,0,0
AUD|BUSD|DOGE,0,0,0,0,0,0,1,0,0,0,0,0,0,0,0,0,0,0,0,0,0,1,0,0
BUSD|GBP|XRP,0,0,0,0,0,0,2,0,0,0,0,0,0,0,0,0,0,0,0,0,0,0,0,0
DOT|EUR|USDT,0,0,0,0,0,0,1,0,0,0,0,0,0,0,0,0,0,0,0,0,1,0,0,0
DOT|TRY|USDT,0,0,0,0,0,0,2,0,0,0,0,0,0,0,0,0,0,0,0,0,0,0,0,0
BTC|BUSD|SRM,0,1,0,0,0,1,0,0,0,0,0,0,0,0,0,0,0,0,0,0,0,0,0,0
BNB|BUSD|USDC,0,1,0,0,0,0,0,0,0,0,1,0,0,0,0,0,0,0,0,0,0,0,0,0
BUSD|HOT|USDT,0,0,0,0,0,0,1,0,1,0,0,0,0,0,0,0,0,0,0,0,0,0,0,0
AUD|ETH|XRP,0,1,0,0,0,0,1,0,0,0,0,0,0,0,0,0,0,0,0,0,0,0,0,0
BUSD|IOTX|USDT,0,0,0,0,0,0,0,0,1,0,0,0,0,1,0,0,0,0,0,0,0,0,0,0
ETH|LTC|RUB,0,0,0,0,0,0,0,0,0,0,1,0,0,0,0,0,1,0,0,0,0,0,0,0
BRL|BTC|DOT,0,0,0,0,0,1,0,0,0,0,0,0,0,0,0,1,0,0,0,0,0,0,0,0
BNB|BUSD|RUB,0,0,0,0,0,1,0,0,0,0,1,0,0,0,0,0,0,0,0,0,0,0,0,0
EOS|TRY|USDT,0,0,0,0,0,0,2,0,0,0,0,0,0,0,0,0,0,0,0,0,0,0,0,0
BTT|TRX|USDT,0,0,0,0,0,0,0,0,0,0,1,0,0,0,0,0,1,0,0,0,0,0,0,0
BNB|BUSD|ONT,0,0,0,0,0,0,0,0,0,0,2,0,0,0,0,0,0,0,0,0,0,0,0,0
ETH|EUR|GRT,0,0,0,0,0,0,0,1,0,0,0,0,0,0,0,0,0,0,1,0,0,0,0,0
AVAX|BTC|EUR,0,0,0,0,0,0,0,0,0,0,0,0,0,0,0,0,0,0,0,0,0,0,1,0
BTC|CHZ|EUR,0,0,0,0,0,0,0,0,0,0,0,0,0,0,0,0,0,0,0,0,0,0,0,1
BUSD|CHZ|EUR,0,0,0,0,0,0,0,0,0,0,0,0,0,0,0,0,0,0,0,0,0,0,0,1
ETH|EUR|XLM,0,0,0,0,0,0,1,0,0,0,0,0,0,0,0,0,0,0,0,0,0,0,0,0
BCH|BNB|BUSD,0,0,0,0,0,0,0,0,0,0,1,0,0,0,0,0,0,0,0,0,0,0,0,0
BNB|SXP|USDT,0,1,0,0,0,0,0,0,0,0,0,0,0,0,0,0,0,0,0,0,0,0,0,0
BNB|TRX|TRY,0,0,0,0,0,0,0,0,0,0,0,0,0,0,0,0,0,0,0,0,0,0,0,1
ETH|GBP|XRP,0,0,0,0,0,0,1,0,0,0,0,0,0,0,0,0,0,0,0,0,0,0,0,0
ETH|GRT|USDT,0,0,0,0,0,0,0,0,0,0,0,0,0,0,1,0,0,0,0,0,0,0,0,0
BNB|SXP|TRY,0,0,0,0,0,0,0,0,0,0,0,0,0,0,0,0,0,0,0,1,0,0,0,0
BNB|TRY|VET,0,0,0,0,0,0,1,0,0,0,0,0,0,0,0,0,0,0,0,0,0,0,0,0
BUSD|LINK|TRY,0,0,0,0,0,0,1,0,0,0,0,0,0,0,0,0,0,0,0,0,0,0,0,0
BTC|EUR|LINK,0,0,0,0,0,0,1,0,0,0,0,0,0,0,0,0,0,0,0,0,0,0,0,0
BTT|BUSD|USDT,0,0,0,1,0,0,0,0,0,0,0,0,0,0,0,0,0,0,0,0,0,0,0,0
BAKE|BNB|USDT,0,0,0,0,1,0,0,0,0,0,0,0,0,0,0,0,0,0,0,0,0,0,0,0
BAKE|BNB|BUSD,0,0,0,0,0,0,0,0,0,0,0,0,0,0,0,0,0,0,0,0,0,1,0,0
BTC|SNX|USDT,0,0,0,0,0,0,0,0,0,0,0,0,0,0,0,0,0,0,1,0,0,0,0,0
BUSD|ETC|USDT,0,0,0,0,0,0,0,0,0,0,1,0,0,0,0,0,0,0,0,0,0,0,0,0
AVAX|TRY|USDT,0,0,0,0,0,0,0,0,0,0,0,0,0,0,0,1,0,0,0,0,0,0,0,0
AVAX|EUR|USDT,0,0,0,0,0,0,0,0,0,0,0,0,0,0,0,0,0,0,0,0,0,0,1,0
BTC|EUR|XLM,0,0,0,0,0,0,1,0,0,0,0,0,0,0,0,0,0,0,0,0,0,0,0,0
BTC|GBP|LINK,0,0,0,0,0,0,0,0,0,0,0,0,0,0,0,0,0,0,0,0,0,1,0,0
BNB|HOT|TRY,0,0,0,0,0,0,0,0,0,0,0,0,1,0,0,0,0,0,0,0,0,0,0,0
BTC|BUSD|ZEC,0,0,1,0,0,0,0,0,0,0,0,0,0,0,0,0,0,0,0,0,0,0,0,0
BNB|SOL|USDT,0,0,0,0,0,0,0,0,0,0,0,0,0,0,0,0,0,0,0,0,1,0,0,0
BCH|BTC|EUR,1,0,0,0,0,0,0,0,0,0,0,0,0,0,0,0,0,0,0,0,0,0,0,0
AVAX|BNB|TRY,0,0,0,0,0,0,0,0,0,0,0,0,0,0,0,0,0,0,0,0,0,0,1,0
EOS|ETH|EUR,0,0,0,0,0,0,0,0,0,0,0,0,0,0,0,0,0,0,0,1,0,0,0,0
BUSD|ETH|GBP,0,0,0,0,0,0,0,0,0,0,0,0,0,0,0,0,0,0,0,0,0,1,0,0
BTC|USDT|XMR,0,0,0,0,0,1,0,0,0,0,0,0,0,0,0,0,0,0,0,0,0,0,0,0
BNB|EUR|LUNA,0,0,0,0,0,0,0,0,0,0,0,0,0,0,0,0,0,0,0,0,0,0,1,0
BUSD|ETC|ETH,0,0,0,0,0,0,0,0,0,0,0,0,0,0,0,0,0,0,0,1,0,0,0,0
BUSD|ETH|ONT,0,0,0,0,0,0,0,0,0,0,0,0,0,0,0,0,0,0,1,0,0,0,0,0
BUSD|HBAR|USDT,0,0,0,0,0,0,0,0,0,0,0,1,0,0,0,0,0,0,0,0,0,0,0,0
BUSD|LTC|RUB,0,0,0,0,0,0,1,0,0,0,0,0,0,0,0,0,0,0,0,0,0,0,0,0
DOGE|TRY|USDT,0,0,0,0,0,0,1,0,0,0,0,0,0,0,0,0,0,0,0,0,0,0,0,0
BRL|BUSD|ETH,0,0,0,0,0,0,1,0,0,0,0,0,0,0,0,0,0,0,0,0,0,0,0,0
BUSD|GBP|USDT,0,0,0,0,0,0,0,0,0,0,0,0,1,0,0,0,0,0,0,0,0,0,0,0
DOGE|GBP|USDT,0,0,0,0,0,0,1,0,0,0,0,0,0,0,0,0,0,0,0,0,0,0,0,0
ETH|PAX|USDT,0,0,0,0,0,0,0,0,0,1,0,0,0,0,0,0,0,0,0,0,0,0,0,0
BIDR|BNB|BTC,0,0,0,0,0,0,0,0,1,0,0,0,0,0,0,0,0,0,0,0,0,0,0,0
BIDR|BNB|ETH,0,0,0,0,0,1,0,0,0,0,0,0,0,0,0,0,0,0,0,0,0,0,0,0
BRL|BUSD|XRP,0,0,0,0,0,0,1,0,0,0,0,0,0,0,0,0,0,0,0,0,0,0,0,0
BRL|DOGE|USDT,0,0,0,0,0,0,1,0,0,0,0,0,0,0,0,0,0,0,0,0,0,0,0,0
AUD|BTC|BUSD,0,0,0,0,0,0,0,0,0,0,1,0,0,0,0,0,0,0,0,0,0,0,0,0
BRL|ETH|LINK,0,0,0,0,0,0,0,0,0,0,0,0,0,0,0,0,0,0,0,1,0,0,0,0
BIDR|BTC|DOT,0,0,0,0,0,0,0,0,0,0,0,0,0,0,0,0,0,0,0,0,0,0,1,0
CHZ|TRY|USDT,0,0,0,0,0,0,0,0,0,0,0,0,0,0,0,0,0,0,0,0,0,0,1,0
CHZ|EUR|USDT,0,0,0,0,0,0,0,0,0,0,0,0,0,0,0,0,0,0,0,0,0,0,0,1
BUSD|EOS|USDT,0,0,0,0,0,0,0,0,0,0,1,0,0,0,0,0,0,0,0,0,0,0,0,0
BTC|BUSD|XLM,0,0,0,0,0,0,0,0,0,0,1,0,0,0,0,0,0,0,0,0,0,0,0,0
BIDR|BUSD|DOT,0,0,0,0,0,0,0,0,0,0,0,0,0,0,0,0,0,0,0,0,0,0,1,0
BIDR|BUSD|ETH,0,0,0,0,0,0,0,0,0,0,0,0,1,0,0,0,0,0,0,0,0,0,0,0
BUSD|ETH|IOTX,0,0,0,0,0,0,0,0,0,0,0,0,0,0,0,0,0,0,0,0,1,0,0,0
ARPA|TRY|USDT,0,0,0,0,0,0,0,1,0,0,0,0,0,0,0,0,0,0,0,0,0,0,0,0
ETH|TRY|VET,0,0,0,0,0,0,1,0,0,0,0,0,0,0,0,0,0,0,0,0,0,0,0,0
BTC|KNC|USDT,0,0,0,0,0,0,0,0,1,0,0,0,0,0,0,0,0,0,0,0,0,0,0,0
BRL|USDT|XRP,0,0,0,0,0,0,1,0,0,0,0,0,0,0,0,0,0,0,0,0,0,0,0,0
BIDR|DOT|USDT,0,0,0,0,0,0,0,0,0,0,0,0,0,0,0,0,0,0,0,0,0,0,1,0
BTC|UNI|USDT,0,0,0,1,0,0,0,0,0,0,0,0,0,0,0,0,0,0,0,0,0,0,0,0
BUSD|EUR|VET,0,0,0,0,0,0,1,0,0,0,0,0,0,0,0,0,0,0,0,0,0,0,0,0
BTC|BUSD|UNI,0,0,0,0,0,0,0,0,0,1,0,0,0,0,0,0,0,0,0,0,0,0,0,0
BUSD|USDT|XRP,0,0,0,0,0,0,0,0,0,0,1,0,0,0,0,0,0,0,0,0,0,0,0,0
BUSD|MKR|USDT,0,0,0,0,0,0,0,0,0,0,0,0,0,0,0,0,1,0,0,0,0,0,0,0
BUSD|EUR|TRX,0,0,0,0,0,0,0,0,0,0,0,0,0,0,0,0,0,0,0,1,0,0,0,0
BTC|BUSD|ZRX,0,0,0,0,0,0,0,0,0,0,0,0,0,0,0,0,0,0,1,0,0,0,0,0
BTC|BUSD|USDT,0,0,0,0,0,0,0,0,0,0,1,0,0,0,0,0,0,0,0,0,0,0,0,0
BNB|BRL|ETH,0,1,0,0,0,0,0,0,0,0,0,0,0,0,0,0,0,0,0,0,0,0,0,0
BNB|BRL|LTC,0,0,0,0,0,0,0,1,0,0,0,0,0,0,0,0,0,0,0,0,0,0,0,0
BUSD|EUR|LTC,0,0,0,0,0,0,1,0,0,0,0,0,0,0,0,0,0,0,0,0,0,0,0,0
BTC|MKR|USDT,0,0,0,0,0,0,0,0,0,1,0,0,0,0,0,0,0,0,0,0,0,0,0,0
BTC|BUSD|XMR,0,0,0,0,0,0,1,0,0,0,0,0,0,0,0,0,0,0,0,0,0,0,0,0
ADA|EUR|USDT,0,0,0,0,0,0,1,0,0,0,0,0,0,0,0,0,0,0,0,0,0,0,0,0
BNB|DOT|TRY,0,0,0,0,0,0,0,0,0,0,0,0,1,0,0,0,0,0,0,0,0,0,0,0
ADA|BUSD|USDT,0,0,0,0,0,0,0,0,0,0,0,0,0,0,0,0,1,0,0,0,0,0,0,0
BUSD|DOGE|EUR,0,0,0,0,0,0,1,0,0,0,0,0,0,0,0,0,0,0,0,0,0,0,0,0
ADA|BUSD|USDC,0,0,0,0,0,1,0,0,0,0,0,0,0,0,0,0,0,0,0,0,0,0,0,0
BUSD|ETH|ZIL,0,0,0,0,0,0,0,0,1,0,0,0,0,0,0,0,0,0,0,0,0,0,0,0
EUR|TRX|USDT,0,0,0,0,0,0,0,0,0,0,0,0,0,0,0,0,0,0,0,1,0,0,0,0
BTC|TRY|XLM,0,0,0,0,0,0,1,0,0,0,0,0,0,0,0,0,0,0,0,0,0,0,0,0
BTC|ETH|PAX,0,0,0,0,0,0,0,0,0,0,0,0,0,0,0,0,1,0,0,0,0,0,0,0
EUR|USDT|VET,0,0,0,0,0,0,1,0,0,0,0,0,0,0,0,0,0,0,0,0,0,0,0,0
EUR|USDT|XLM,0,0,0,0,0,0,1,0,0,0,0,0,0,0,0,0,0,0,0,0,0,0,0,0
BUSD|ETH|ZEC,0,0,0,0,0,0,1,0,0,0,0,0,0,0,0,0,0,0,0,0,0,0,0,0
ADA|BUSD|EUR,0,0,0,0,0,0,1,0,0,0,0,0,0,0,0,0,0,0,0,0,0,0,0,0
BUSD|TRY|XLM,0,0,0,0,0,0,1,0,0,0,0,0,0,0,0,0,0,0,0,0,0,0,0,0
BNB|BTC|DOT,0,0,0,0,0,0,0,0,0,0,1,0,0,0,0,0,0,0,0,0,0,0,0,0
BUSD|TRX|USDT,0,0,0,0,0,0,0,0,0,0,1,0,0,0,0,0,0,0,0,0,0,0,0,0
ADA|BUSD|ETH,0,0,0,0,0,0,0,0,0,0,0,0,0,0,0,0,1,0,0,0,0,0,0,0
LINK|TRY|USDT,0,0,0,0,0,0,1,0,0,0,0,0,0,0,0,0,0,0,0,0,0,0,0,0
BUSD|TRX|USDC,0,0,0,1,0,0,0,0,0,0,0,0,0,0,0,0,0,0,0,0,0,0,0,0
BUSD|DOGE|GBP,0,0,0,0,0,0,1,0,0,0,0,0,0,0,0,0,0,0,0,0,0,0,0,0
LTC|RUB|USDT,0,0,0,0,0,0,0,0,0,0,0,0,0,0,0,1,0,0,0,0,0,0,0,0
ADA|BTC|EUR,0,0,0,0,0,0,1,0,0,0,0,0,0,0,0,0,0,0,0,0,0,0,0,0
BTC|LINK|TRY,0,0,0,0,0,0,1,0,0,0,0,0,0,0,0,0,0,0,0,0,0,0,0,0
BTC|BUSD|LINK,0,0,0,0,0,0,0,0,0,0,0,0,0,0,0,0,1,0,0,0,0,0,0,0
BUSD|ETH|XMR,0,0,0,0,0,0,0,0,0,0,0,0,0,0,0,0,0,0,0,1,0,0,0,0
BNB|BTC|SXP,0,1,0,0,0,0,0,0,0,0,0,0,0,0,0,0,0,0,0,0,0,0,0,0
BTC|BUSD|XRP,0,0,0,0,0,0,0,0,0,0,1,0,0,0,0,0,0,0,0,0,0,0,0,0
BNB|BTC|UNI,0,0,0,1,0,0,0,0,0,0,0,0,0,0,0,0,0,0,0,0,0,0,0,0
BUSD|DOGE|TRY,0,0,0,0,0,0,1,0,0,0,0,0,0,0,0,0,0,0,0,0,0,0,0,0
BUSD|DOGE|USDT,0,0,0,0,0,0,0,0,0,0,0,0,0,0,0,0,1,0,0,0,0,0,0,0
ADA|BNB|TRY,0,0,0,0,0,0,0,0,0,0,0,0,0,0,0,0,0,0,0,0,0,0,0,1
BTC|TRB|USDT,1,0,0,0,0,0,0,0,0,0,0,0,0,0,0,0,0,0,0,0,0,0,0,0
ADA|BNB|BRL,0,0,0,0,0,0,1,0,0,0,0,0,0,0,0,0,0,0,0,0,0,0,0,0
BUSD|EOS|ETH,0,0,0,0,0,0,0,0,0,0,1,0,0,0,0,0,0,0,0,0,0,0,0,0
BTC|EOS|TRY,0,0,0,0,0,0,1,0,0,0,0,0,0,0,0,0,0,0,0,0,0,0,0,0
BUSD|SOL|USDT,0,1,0,0,0,0,0,0,0,0,0,0,0,0,0,0,0,0,0,0,0,0,0,0
BNB|NEAR|USDT,0,0,0,0,0,0,0,0,0,0,0,0,0,1,0,0,0,0,0,0,0,0,0,0
BNB|BUSD|FTT,0,0,0,0,0,0,0,0,0,0,0,0,0,0,0,1,0,0,0,0,0,0,0,0
BTC|DOT|EUR,0,0,0,0,0,0,1,0,0,0,0,0,0,0,0,0,0,0,0,0,0,0,0,0
BNB|LUNA|USDT,0,1,0,0,0,0,0,0,0,0,0,0,0,0,0,0,0,0,0,0,0,0,0,0
BTC|BUSD|QTUM,0,0,0,0,0,0,0,0,0,0,0,0,0,1,0,0,0,0,0,0,0,0,0,0
AAVE|BTC|BUSD,0,0,0,0,0,0,0,0,0,0,0,0,0,0,0,0,0,0,0,0,0,0,1,0
BUSD|ETH|NEO,0,0,0,0,0,0,0,0,0,0,0,0,0,0,0,0,0,0,0,0,0,1,0,0
BUSD|ETH|TRX,0,0,0,0,0,0,0,0,0,0,1,0,0,0,0,0,0,0,0,0,0,0,0,0
ETH|EUR|LINK,0,0,0,0,0,0,1,0,0,0,0,0,0,0,0,0,0,0,0,0,0,0,0,0